<?xml version = '1.0' encoding = 'UTF-8'?>
<Entity class="oracle.dbtools.crest.model.design.logical.Entity" directorySegmentName="seg_0" id="B4299C12-395E-5E4A-C34D-5888FF2C0C47" name="S16_Department">
<createdBy>Dirty Jesse</createdBy>
<createdTime>2016-03-30 02:58:00 UTC</createdTime>
<ownerDesignName>Project_Logical_Model</ownerDesignName>
<engineerTo>
<item key="EB1883DB-E7A4-FBC6-E93C-BBE7559FC2FA" value="true"/>
</engineerTo>
<adequatelyNormalized>NO</adequatelyNormalized>
<expectedVolumes>0</expectedVolumes>
<fwdEngineeringStrategyName>Single Table</fwdEngineeringStrategyName>
<growthPercent>0</growthPercent>
<growthType>Year</growthType>
<maxVolumes>9999999</maxVolumes>
<minVolumes>0</minVolumes>
<normalForm>Third</normalForm>
<attributes itemClass="oracle.dbtools.crest.model.design.logical.Attribute">
<Attribute name="dept_no" id="9531DB33-3B6D-3852-E017-F4B2F0018A3F">
<createdBy>Dirty Jesse</createdBy>
<createdTime>2016-03-30 02:58:11 UTC</createdTime>
<ownerDesignName>Project_Logical_Model</ownerDesignName>
<engineerTo>
<item key="EB1883DB-E7A4-FBC6-E93C-BBE7559FC2FA" value="true"/>
</engineerTo>
<useDomainConstraints>false</useDomainConstraints>
<use>1</use>
<logicalDatatype>LOGDT011</logicalDatatype>
<ownDataTypeParameters>,,</ownDataTypeParameters>
</Attribute>
<Attribute name="dept_name" id="9C3E006E-B646-7809-29B9-5C5312583560">
<createdBy>Dirty Jesse</createdBy>
<createdTime>2016-03-30 02:59:11 UTC</createdTime>
<ownerDesignName>Project_Logical_Model</ownerDesignName>
<engineerTo>
<item key="EB1883DB-E7A4-FBC6-E93C-BBE7559FC2FA" value="true"/>
</engineerTo>
<useDomainConstraints>false</useDomainConstraints>
<use>1</use>
<logicalDatatype>LOGDT024</logicalDatatype>
<dataTypeSize>20 CHAR</dataTypeSize>
<ownDataTypeParameters>20 CHAR,,</ownDataTypeParameters>
</Attribute>
<Attribute name="person_id" id="41DD1DA1-4C3B-8043-226B-E7987674BB67">
<createdBy>Dirty Jesse</createdBy>
<createdTime>2016-03-30 03:00:40 UTC</createdTime>
<generatorID>7B2FCAB1-05FA-3BAB-97C7-51924A0940BD</generatorID>
<ownerDesignName>Project_Logical_Model</ownerDesignName>
<engineerTo>
<item key="EB1883DB-E7A4-FBC6-E93C-BBE7559FC2FA" value="true"/>
</engineerTo>
<referedAttribute>5080417C-A62A-9350-5478-7DDB4BD6F0F5</referedAttribute>
<useDomainConstraints>false</useDomainConstraints>
<use>1</use>
<logicalDatatype>LOGDT011</logicalDatatype>
<ownDataTypeParameters>,,</ownDataTypeParameters>
</Attribute>
<Attribute name="project_no" id="6B9AC19B-A9AE-2C6A-A1C9-5B1869105127">
<createdBy>Dirty Jesse</createdBy>
<createdTime>2016-03-30 03:01:34 UTC</createdTime>
<generatorID>9F6F9CC6-A677-5AF5-02E5-4860653A857F</generatorID>
<ownerDesignName>Project_Logical_Model</ownerDesignName>
<engineerTo>
<item key="EB1883DB-E7A4-FBC6-E93C-BBE7559FC2FA" value="true"/>
</engineerTo>
<referedAttribute>5C371376-BF3B-5161-3E60-3998C1B3BFE4</referedAttribute>
<useDomainConstraints>false</useDomainConstraints>
<use>1</use>
<logicalDatatype>LOGDT011</logicalDatatype>
<ownDataTypeParameters>,,</ownDataTypeParameters>
</Attribute>
</attributes>
<identifiers itemClass="oracle.dbtools.crest.model.design.logical.CandidateKey">
<identifier id="6529397A-DDCE-19AB-5EEC-09B887C31209" name="S16_Department PK">
<createdBy>Dirty Jesse</createdBy>
<createdTime>2016-03-30 02:58:32 UTC</createdTime>
<ownerDesignName>Project_Logical_Model</ownerDesignName>
<engineerTo>
<item key="EB1883DB-E7A4-FBC6-E93C-BBE7559FC2FA" value="true"/>
</engineerTo>
<pk>true</pk>
<usedAttributes>
<attributeRef>9531DB33-3B6D-3852-E017-F4B2F0018A3F</attributeRef>
</usedAttributes>
</identifier>
</identifiers>
</Entity>