<?xml version = '1.0' encoding = 'UTF-8'?>
<relationalModel class="oracle.dbtools.crest.model.design.relational.RelationalDesign" name="Relational_1" id="EB1883DB-E7A4-FBC6-E93C-BBE7559FC2FA" mainViewID="E8092D28-1F91-265A-8C26-E3EAC40CD283">
<createdBy>Dirty Jesse</createdBy>
<createdTime>2016-03-28 23:44:44 UTC</createdTime>
<ownerDesignName>Project_Logical_Model</ownerDesignName>
<shouldBeOpen>false</shouldBeOpen>
<selectedRDBMSSite>32076570-2523-435C-2E92-BF29817DFF70</selectedRDBMSSite>
</relationalModel>