<?xml version = '1.0' encoding = 'UTF-8'?>
<Relation class="oracle.dbtools.crest.model.design.logical.Relation" name="S16_Project_Managing" directorySegmentName="seg_0" id="656DF137-5DCD-747A-A340-EC9D17AE0CCF">
<createdBy>Dirty Jesse</createdBy>
<createdTime>2016-03-29 00:11:43 UTC</createdTime>
<ownerDesignName>Project_Logical_Model</ownerDesignName>
<engineerTo>
<item key="EB1883DB-E7A4-FBC6-E93C-BBE7559FC2FA" value="true"/>
</engineerTo>
<sourcePk>477DAABC-EFDE-4CAC-AE46-A7EC906B4CBD</sourcePk>
<identifying>false</identifying>
<optionalSource>true</optionalSource>
<optionalTarget>false</optionalTarget>
<sourceCardinality>1</sourceCardinality>
<sourceEntity>14CAAD3B-F067-D1E2-9942-19786D294931</sourceEntity>
<targetCardinalityString>*</targetCardinalityString>
<targetEntity>2263D87C-2E61-95D4-BAA8-FC344BD94256</targetEntity>
<transferable>true</transferable>
<deleteRule>NO ACTION</deleteRule>
</Relation>