<?xml version = '1.0' encoding = 'UTF-8'?>
<Relation class="oracle.dbtools.crest.model.design.logical.Relation" name="S16_Employee_Manager" directorySegmentName="seg_0" id="69D46D9A-1C0C-516D-1A18-0079A15BCD11">
<createdBy>Dirty Jesse</createdBy>
<createdTime>2016-03-29 00:01:02 UTC</createdTime>
<ownerDesignName>Project_Logical_Model</ownerDesignName>
<engineerTo>
<item key="EB1883DB-E7A4-FBC6-E93C-BBE7559FC2FA" value="true"/>
</engineerTo>
<targetPk>477DAABC-EFDE-4CAC-AE46-A7EC906B4CBD</targetPk>
<identifying>false</identifying>
<optionalSource>true</optionalSource>
<optionalTarget>false</optionalTarget>
<sourceCardinality>1</sourceCardinality>
<sourceEntity>14CAAD3B-F067-D1E2-9942-19786D294931</sourceEntity>
<targetCardinalityString>1</targetCardinalityString>
<targetEntity>14CAAD3B-F067-D1E2-9942-19786D294931</targetEntity>
<transferable>true</transferable>
<deleteRule>NO ACTION</deleteRule>
</Relation>