<?xml version = '1.0' encoding = 'UTF-8'?>
<Relation class="oracle.dbtools.crest.model.design.logical.Relation" name="S16_Dept_Assigned" directorySegmentName="seg_0" id="9F6F9CC6-A677-5AF5-02E5-4860653A857F">
<createdBy>Dirty Jesse</createdBy>
<createdTime>2016-03-30 03:01:34 UTC</createdTime>
<ownerDesignName>Project_Logical_Model</ownerDesignName>
<engineerTo>
<item key="EB1883DB-E7A4-FBC6-E93C-BBE7559FC2FA" value="true"/>
</engineerTo>
<sourcePk>B1F088E1-3953-0614-C189-BE819CBF1C47</sourcePk>
<identifying>false</identifying>
<optionalSource>true</optionalSource>
<optionalTarget>false</optionalTarget>
<sourceCardinality>1</sourceCardinality>
<sourceEntity>2263D87C-2E61-95D4-BAA8-FC344BD94256</sourceEntity>
<targetCardinalityString>1</targetCardinalityString>
<targetEntity>B4299C12-395E-5E4A-C34D-5888FF2C0C47</targetEntity>
<transferable>true</transferable>
<deleteRule>NO ACTION</deleteRule>
</Relation>