<?xml version = '1.0' encoding = 'UTF-8'?>
<Relation class="oracle.dbtools.crest.model.design.logical.Relation" name="S16_Project_Manager" directorySegmentName="seg_0" id="C9A066FB-3F42-6C86-4436-6DADE93CD8C5">
<createdBy>Dirty Jesse</createdBy>
<createdTime>2016-03-29 00:11:29 UTC</createdTime>
<ownerDesignName>Project_Logical_Model</ownerDesignName>
<engineerTo>
<item key="EB1883DB-E7A4-FBC6-E93C-BBE7559FC2FA" value="true"/>
</engineerTo>
<sourcePk>B1F088E1-3953-0614-C189-BE819CBF1C47</sourcePk>
<identifying>false</identifying>
<optionalSource>true</optionalSource>
<optionalTarget>false</optionalTarget>
<sourceCardinality>1</sourceCardinality>
<sourceEntity>2263D87C-2E61-95D4-BAA8-FC344BD94256</sourceEntity>
<targetCardinalityString>1</targetCardinalityString>
<targetEntity>14CAAD3B-F067-D1E2-9942-19786D294931</targetEntity>
<transferable>true</transferable>
<deleteRule>NO ACTION</deleteRule>
</Relation>