<?xml version = '1.0' encoding = 'UTF-8'?>
<Relation class="oracle.dbtools.crest.model.design.logical.Relation" name="S16_Spouse" directorySegmentName="seg_0" id="D72A1707-783E-0752-EC26-79D7CDF0B37B">
<createdBy>Dirty Jesse</createdBy>
<createdTime>2016-03-28 23:55:27 UTC</createdTime>
<ownerDesignName>Project_Logical_Model</ownerDesignName>
<engineerTo>
<item key="EB1883DB-E7A4-FBC6-E93C-BBE7559FC2FA" value="true"/>
</engineerTo>
<targetPk>477DAABC-EFDE-4CAC-AE46-A7EC906B4CBD</targetPk>
<identifying>false</identifying>
<optionalSource>true</optionalSource>
<optionalTarget>false</optionalTarget>
<sourceCardinality>1</sourceCardinality>
<sourceEntity>14CAAD3B-F067-D1E2-9942-19786D294931</sourceEntity>
<targetCardinalityString>1</targetCardinalityString>
<targetEntity>14CAAD3B-F067-D1E2-9942-19786D294931</targetEntity>
<transferable>true</transferable>
<deleteRule>NO ACTION</deleteRule>
</Relation>