<?xml version = '1.0' encoding = 'UTF-8'?>
<Relation class="oracle.dbtools.crest.model.design.logical.Relation" name="S16_Parents" directorySegmentName="seg_0" id="E8E2000B-CE18-6B7B-0AD1-B090B76BB612">
<createdBy>Dirty Jesse</createdBy>
<createdTime>2016-03-28 23:56:43 UTC</createdTime>
<ownerDesignName>Project_Logical_Model</ownerDesignName>
<engineerTo>
<item key="EB1883DB-E7A4-FBC6-E93C-BBE7559FC2FA" value="true"/>
</engineerTo>
<sourcePk>477DAABC-EFDE-4CAC-AE46-A7EC906B4CBD</sourcePk>
<identifying>false</identifying>
<optionalSource>true</optionalSource>
<optionalTarget>false</optionalTarget>
<sourceCardinality>1</sourceCardinality>
<sourceEntity>14CAAD3B-F067-D1E2-9942-19786D294931</sourceEntity>
<targetCardinalityString>*</targetCardinalityString>
<targetEntity>038417A7-1660-8A94-DFAF-23BA3E74CC2A</targetEntity>
<transferable>true</transferable>
<deleteRule>NO ACTION</deleteRule>
</Relation>