<?xml version = '1.0' encoding = 'UTF-8'?>
<InheritanceRelation class="oracle.dbtools.crest.model.design.logical.InheritanceRelation" name="Hierarchy_4" directorySegmentName="seg_0" id="2F467423-D1F1-57B9-3141-043D215E84D2">
<createdBy>Dirty Jesse</createdBy>
<createdTime>2016-03-28 22:29:30 UTC</createdTime>
<ownerDesignName>Project_Conceptual_Model</ownerDesignName>
<engineerTo>
<item key="B083BAB8-EAA4-D9BD-EBBE-5DBB86FE72ED" value="true"/>
</engineerTo>
<identifying>false</identifying>
<nameOnSource>Super Type</nameOnSource>
<nameOnTarget>Sub Type</nameOnTarget>
<optionalSource>true</optionalSource>
<optionalTarget>true</optionalTarget>
<sourceEntity>9AD4E056-5F62-3500-ACA9-E3E7026F4BD8</sourceEntity>
<targetEntity>43DFABB9-C159-E1A8-6033-EE304203478A</targetEntity>
<transferable>true</transferable>
<deleteRule>NO ACTION</deleteRule>
</InheritanceRelation>