<?xml version = '1.0' encoding = 'UTF-8'?>
<Diagram class="oracle.dbtools.crest.swingui.relational.DPVRelational" name="Relational_1" id="7E08EFE7-FB92-31DC-E000-6A7EE7250E1B">
<createdBy>Dirty Jesse</createdBy>
<modifiedBy>Dirty Jesse</modifiedBy>
<createdTime>2016-04-20 22:54:56 UTC</createdTime>
<autoRoute>false</autoRoute>
<boxInbox>true</boxInbox>
<showLegend>false</showLegend>
<showLabels>false</showLabels>
<showRelAttributes>false</showRelAttributes>
<gridEnabled>false</gridEnabled>
<showGrid>false</showGrid>
<diagramColor>-1</diagramColor>
<display>false</display>
<notation>1</notation>
<objectViews>
<OView class="oracle.dbtools.crest.swingui.relational.TVTable" oid="2B0EC79C-07BF-A73E-066B-5AA45A07C342" otype="Table" vid="7880CE48-28FE-6A6B-23A0-5143F6774C3E">
<hideElementsInCurrentOnly>false</hideElementsInCurrentOnly>
<bounds x="906" y="342" width="170" height="153"/>
</OView>
<OView class="oracle.dbtools.crest.swingui.relational.TVTable" oid="6F832C57-99E3-FB6D-C231-67490645E92B" otype="Table" vid="A246BA08-A9A5-3DA4-2B16-D1E9CCAAE38B">
<hideElementsInCurrentOnly>false</hideElementsInCurrentOnly>
<bounds x="641" y="87" width="170" height="110"/>
</OView>
<OView class="oracle.dbtools.crest.swingui.relational.TVTable" oid="710BB987-3130-DF78-810D-FCE74758300A" otype="Table" vid="7DC520AC-8AB9-C0B0-C81E-4299F6F1C006">
<hideElementsInCurrentOnly>false</hideElementsInCurrentOnly>
<bounds x="363" y="425" width="170" height="110"/>
</OView>
<OView class="oracle.dbtools.crest.swingui.relational.TVTable" oid="99CDDE0A-81F7-5419-B2C3-30D9845EAC98" otype="Table" vid="D172B95D-6F9E-D050-19CA-9649D73AD4B7">
<hideElementsInCurrentOnly>false</hideElementsInCurrentOnly>
<bounds x="348" y="50" width="223" height="340"/>
</OView>
<OView class="oracle.dbtools.crest.swingui.relational.TVTable" oid="BFE81A31-9593-6F40-EFF0-B88E3876BFFC" otype="Table" vid="F45642CD-82C1-1231-A8A3-DC2EB35B2FB6">
<hideElementsInCurrentOnly>false</hideElementsInCurrentOnly>
<bounds x="640" y="320" width="220" height="207"/>
</OView>
<OView class="oracle.dbtools.crest.swingui.relational.TVTable" oid="C3DDF3F6-6005-4084-5AFD-1889C012BC90" otype="Table" vid="23643C22-59CE-180A-BE60-6928192B0D67">
<hideElementsInCurrentOnly>false</hideElementsInCurrentOnly>
<bounds x="22" y="100" width="260" height="96"/>
</OView>
</objectViews>
<connectors>
<Connector class="oracle.dbtools.crest.swingui.relational.TVFKRelation" oid="193BA0D4-35AA-A5BA-1789-7397B1AC118E" otype="FKIndexAssociation" vid_source="7DC520AC-8AB9-C0B0-C81E-4299F6F1C006" vid_target="D172B95D-6F9E-D050-19CA-9649D73AD4B7">
<hideElementsInCurrentOnly>false</hideElementsInCurrentOnly>
<lineWidth>1</lineWidth>
<points>
<point x="458" y="425"/>
<point x="458" y="390"/>
</points>
</Connector>
<Connector class="oracle.dbtools.crest.swingui.relational.TVFKRelation" oid="82B5E0DD-B97F-63F3-2599-6CACA91524BB" otype="FKIndexAssociation" vid_source="F45642CD-82C1-1231-A8A3-DC2EB35B2FB6" vid_target="F45642CD-82C1-1231-A8A3-DC2EB35B2FB6">
<hideElementsInCurrentOnly>false</hideElementsInCurrentOnly>
<lineWidth>1</lineWidth>
<points>
<point x="665" y="320"/>
<point x="665" y="291"/>
<point x="694" y="290"/>
<point x="720" y="290"/>
<point x="720" y="320"/>
</points>
</Connector>
<Connector class="oracle.dbtools.crest.swingui.relational.TVFKRelation" oid="83A678AA-D058-2D24-A63E-413738B81A82" otype="FKIndexAssociation" vid_source="D172B95D-6F9E-D050-19CA-9649D73AD4B7" vid_target="A246BA08-A9A5-3DA4-2B16-D1E9CCAAE38B">
<hideElementsInCurrentOnly>false</hideElementsInCurrentOnly>
<lineWidth>1</lineWidth>
<points>
<point x="571" y="152"/>
<point x="641" y="152"/>
</points>
</Connector>
<Connector class="oracle.dbtools.crest.swingui.relational.TVFKRelation" oid="8D248AE4-0CE9-5700-90BB-8BA53EE9D067" otype="FKIndexAssociation" vid_source="D172B95D-6F9E-D050-19CA-9649D73AD4B7" vid_target="D172B95D-6F9E-D050-19CA-9649D73AD4B7">
<hideElementsInCurrentOnly>false</hideElementsInCurrentOnly>
<lineWidth>1</lineWidth>
<points>
<point x="348" y="253"/>
<point x="275" y="253"/>
<point x="276" y="236"/>
<point x="276" y="205"/>
<point x="348" y="205"/>
</points>
</Connector>
<Connector class="oracle.dbtools.crest.swingui.relational.TVFKRelation" oid="91D572B5-CCA4-DFED-40A9-5B5BA0035206" otype="FKIndexAssociation" vid_source="F45642CD-82C1-1231-A8A3-DC2EB35B2FB6" vid_target="7880CE48-28FE-6A6B-23A0-5143F6774C3E">
<hideElementsInCurrentOnly>false</hideElementsInCurrentOnly>
<lineWidth>1</lineWidth>
<points>
<point x="860" y="418"/>
<point x="906" y="418"/>
</points>
</Connector>
<Connector class="oracle.dbtools.crest.swingui.relational.TVFKRelation" oid="9650AC18-AB59-5B94-32D6-6A78C204685E" otype="FKIndexAssociation" vid_source="F45642CD-82C1-1231-A8A3-DC2EB35B2FB6" vid_target="A246BA08-A9A5-3DA4-2B16-D1E9CCAAE38B">
<hideElementsInCurrentOnly>false</hideElementsInCurrentOnly>
<lineWidth>1</lineWidth>
<points>
<point x="736" y="320"/>
<point x="736" y="197"/>
</points>
</Connector>
<Connector class="oracle.dbtools.crest.swingui.relational.TVFKRelation" oid="9C36726B-5323-239A-944E-8F87F1ECBC9A" otype="FKIndexAssociation" vid_source="D172B95D-6F9E-D050-19CA-9649D73AD4B7" vid_target="23643C22-59CE-180A-BE60-6928192B0D67">
<hideElementsInCurrentOnly>false</hideElementsInCurrentOnly>
<lineWidth>1</lineWidth>
<points>
<point x="348" y="168"/>
<point x="282" y="168"/>
</points>
</Connector>
<Connector class="oracle.dbtools.crest.swingui.relational.TVFKRelation" oid="CD2A61CE-3F6C-DED2-BF2A-BD7D83B1950C" otype="FKIndexAssociation" vid_source="D172B95D-6F9E-D050-19CA-9649D73AD4B7" vid_target="D172B95D-6F9E-D050-19CA-9649D73AD4B7">
<hideElementsInCurrentOnly>false</hideElementsInCurrentOnly>
<lineWidth>1</lineWidth>
<points>
<point x="537" y="50"/>
<point x="537" y="9"/>
<point x="499" y="9"/>
<point x="454" y="8"/>
<point x="454" y="50"/>
</points>
</Connector>
<Connector class="oracle.dbtools.crest.swingui.relational.TVFKRelation" oid="DA96B4FB-2094-BAB0-5939-429D6672B1BA" otype="FKIndexAssociation" vid_source="7DC520AC-8AB9-C0B0-C81E-4299F6F1C006" vid_target="F45642CD-82C1-1231-A8A3-DC2EB35B2FB6">
<hideElementsInCurrentOnly>false</hideElementsInCurrentOnly>
<lineWidth>1</lineWidth>
<points>
<point x="533" y="486"/>
<point x="640" y="486"/>
</points>
</Connector>
<Connector class="oracle.dbtools.crest.swingui.relational.TVFKRelation" oid="ED7028E4-5FEA-4C5C-EEEC-EB2FD84CC064" otype="FKIndexAssociation" vid_source="D172B95D-6F9E-D050-19CA-9649D73AD4B7" vid_target="F45642CD-82C1-1231-A8A3-DC2EB35B2FB6">
<hideElementsInCurrentOnly>false</hideElementsInCurrentOnly>
<lineWidth>1</lineWidth>
<points>
<point x="571" y="365"/>
<point x="640" y="365"/>
</points>
</Connector>
<Connector class="oracle.dbtools.crest.swingui.relational.TVFKRelation" oid="EE7A4F1A-0274-4F07-2796-E8FA8B2D30CE" otype="FKIndexAssociation" vid_source="D172B95D-6F9E-D050-19CA-9649D73AD4B7" vid_target="23643C22-59CE-180A-BE60-6928192B0D67">
<hideElementsInCurrentOnly>false</hideElementsInCurrentOnly>
<lineWidth>1</lineWidth>
<points>
<point x="348" y="178"/>
<point x="282" y="178"/>
</points>
</Connector>
</connectors>
</Diagram>