<?xml version = '1.0' encoding = 'UTF-8'?>
<Entity class="oracle.dbtools.crest.model.design.logical.Entity" directorySegmentName="seg_0" id="6C412EE5-AA9A-ABA1-FA51-D3D50389A403" name="Proj_Dept">
<createdBy>Dirty Jesse</createdBy>
<createdTime>2016-03-28 22:39:19 UTC</createdTime>
<ownerDesignName>Project_Conceptual_Model</ownerDesignName>
<engineerTo>
<item key="B083BAB8-EAA4-D9BD-EBBE-5DBB86FE72ED" value="true"/>
</engineerTo>
<adequatelyNormalized>NO</adequatelyNormalized>
<expectedVolumes>0</expectedVolumes>
<fwdEngineeringStrategyName>Single Table</fwdEngineeringStrategyName>
<growthPercent>0</growthPercent>
<growthType>Year</growthType>
<maxVolumes>9999999</maxVolumes>
<minVolumes>0</minVolumes>
<normalForm>Third</normalForm>
<attributes itemClass="oracle.dbtools.crest.model.design.logical.Attribute">
<Attribute name="dept_no" id="F441DFCE-38CA-6B9C-CB1B-BD917522B40E">
<createdBy>Dirty Jesse</createdBy>
<createdTime>2016-03-28 22:39:36 UTC</createdTime>
<ownerDesignName>Project_Conceptual_Model</ownerDesignName>
<engineerTo>
<item key="B083BAB8-EAA4-D9BD-EBBE-5DBB86FE72ED" value="true"/>
</engineerTo>
<useDomainConstraints>false</useDomainConstraints>
<use>1</use>
<logicalDatatype>LOGDT011</logicalDatatype>
<ownDataTypeParameters>,,</ownDataTypeParameters>
</Attribute>
<Attribute name="dept_name" id="FFE055BC-6356-7B9C-894B-D8A313CBAD3C">
<createdBy>Dirty Jesse</createdBy>
<createdTime>2016-03-28 22:39:52 UTC</createdTime>
<ownerDesignName>Project_Conceptual_Model</ownerDesignName>
<engineerTo>
<item key="B083BAB8-EAA4-D9BD-EBBE-5DBB86FE72ED" value="true"/>
</engineerTo>
<useDomainConstraints>false</useDomainConstraints>
<use>1</use>
<logicalDatatype>LOGDT024</logicalDatatype>
<dataTypeSize>20 CHAR</dataTypeSize>
<ownDataTypeParameters>20 CHAR,,</ownDataTypeParameters>
</Attribute>
</attributes>
<identifiers itemClass="oracle.dbtools.crest.model.design.logical.CandidateKey">
<identifier id="4961A1AF-DCE2-6059-CDD0-BF82BC041EEA" name="S16_Department PK">
<createdBy>Dirty Jesse</createdBy>
<createdTime>2016-03-28 22:39:50 UTC</createdTime>
<ownerDesignName>Project_Conceptual_Model</ownerDesignName>
<engineerTo>
<item key="B083BAB8-EAA4-D9BD-EBBE-5DBB86FE72ED" value="true"/>
</engineerTo>
<pk>true</pk>
<usedAttributes>
<attributeRef>F441DFCE-38CA-6B9C-CB1B-BD917522B40E</attributeRef>
</usedAttributes>
</identifier>
</identifiers>
</Entity>