<?xml version = '1.0' encoding = 'UTF-8'?>
<Entity class="oracle.dbtools.crest.model.design.logical.Entity" directorySegmentName="seg_0" id="9AD4E056-5F62-3500-ACA9-E3E7026F4BD8" name="Proj_Employee">
<createdBy>Dirty Jesse</createdBy>
<createdTime>2016-03-28 22:27:03 UTC</createdTime>
<ownerDesignName>Project_Conceptual_Model</ownerDesignName>
<engineerTo>
<item key="B083BAB8-EAA4-D9BD-EBBE-5DBB86FE72ED" value="true"/>
</engineerTo>
<adequatelyNormalized>NO</adequatelyNormalized>
<expectedVolumes>0</expectedVolumes>
<fwdEngineeringStrategyName>Single Table</fwdEngineeringStrategyName>
<growthPercent>0</growthPercent>
<growthType>Year</growthType>
<hierarchicalParent>3FFFE160-6CDB-FB99-4735-7B9B0D935F74</hierarchicalParent>
<maxVolumes>9999999</maxVolumes>
<minVolumes>0</minVolumes>
<normalForm>Third</normalForm>
<attributes itemClass="oracle.dbtools.crest.model.design.logical.Attribute">
<Attribute name="employee_id" id="B5DD72E0-728D-2707-4C8B-FF9469F9C0EB">
<createdBy>Dirty Jesse</createdBy>
<createdTime>2016-03-28 22:27:21 UTC</createdTime>
<ownerDesignName>Project_Conceptual_Model</ownerDesignName>
<engineerTo>
<item key="B083BAB8-EAA4-D9BD-EBBE-5DBB86FE72ED" value="true"/>
</engineerTo>
<nullsAllowed>true</nullsAllowed>
<useDomainConstraints>false</useDomainConstraints>
<use>1</use>
<logicalDatatype>LOGDT011</logicalDatatype>
<ownDataTypeParameters>,,</ownDataTypeParameters>
</Attribute>
<Attribute name="salary" id="35B430F0-FD92-EB96-CD06-935E2C260900">
<createdBy>Dirty Jesse</createdBy>
<createdTime>2016-03-28 22:27:35 UTC</createdTime>
<ownerDesignName>Project_Conceptual_Model</ownerDesignName>
<engineerTo>
<item key="B083BAB8-EAA4-D9BD-EBBE-5DBB86FE72ED" value="true"/>
</engineerTo>
<useDomainConstraints>false</useDomainConstraints>
<use>1</use>
<logicalDatatype>LOGDT011</logicalDatatype>
<ownDataTypeParameters>,,</ownDataTypeParameters>
</Attribute>
<Attribute name="salary_exception" id="27BE28C4-4BA7-7461-E925-2818011FF162">
<createdBy>Dirty Jesse</createdBy>
<createdTime>2016-03-28 22:27:55 UTC</createdTime>
<ownerDesignName>Project_Conceptual_Model</ownerDesignName>
<engineerTo>
<item key="B083BAB8-EAA4-D9BD-EBBE-5DBB86FE72ED" value="true"/>
</engineerTo>
<nullsAllowed>true</nullsAllowed>
<useDomainConstraints>false</useDomainConstraints>
<use>1</use>
<logicalDatatype>LOGDT006</logicalDatatype>
<dataTypeSize>1</dataTypeSize>
<ownDataTypeParameters>1,,</ownDataTypeParameters>
</Attribute>
<Attribute name="person_id" id="868DE9D4-9E19-E8E1-866A-D4C43F449D54">
<createdBy>Dirty Jesse</createdBy>
<createdTime>2016-03-28 22:52:23 UTC</createdTime>
<generatorID>7E92472F-5659-0F6D-0ACE-0A2023B41C8A</generatorID>
<ownerDesignName>Project_Conceptual_Model</ownerDesignName>
<engineerTo>
<item key="B083BAB8-EAA4-D9BD-EBBE-5DBB86FE72ED" value="true"/>
</engineerTo>
<referedAttribute>D7F24533-D71E-7C81-5641-B1B6C25B38FE</referedAttribute>
<useDomainConstraints>false</useDomainConstraints>
<use>1</use>
<logicalDatatype>LOGDT011</logicalDatatype>
<ownDataTypeParameters>,,</ownDataTypeParameters>
</Attribute>
</attributes>
</Entity>