<?xml version = '1.0' encoding = 'UTF-8'?>
<Relation class="oracle.dbtools.crest.model.design.logical.Relation" name="S16_Parents" directorySegmentName="seg_0" id="0CE86D63-AE13-96EC-F0AD-DA2EFB2EB704">
<createdBy>Dirty Jesse</createdBy>
<createdTime>2016-03-28 22:49:58 UTC</createdTime>
<ownerDesignName>Project_Conceptual_Model</ownerDesignName>
<engineerTo>
<item key="B083BAB8-EAA4-D9BD-EBBE-5DBB86FE72ED" value="true"/>
</engineerTo>
<identifying>false</identifying>
<optionalSource>true</optionalSource>
<optionalTarget>false</optionalTarget>
<sourceCardinality>*</sourceCardinality>
<sourceEntity>3FFFE160-6CDB-FB99-4735-7B9B0D935F74</sourceEntity>
<targetCardinalityString>*</targetCardinalityString>
<targetEntity>3FFFE160-6CDB-FB99-4735-7B9B0D935F74</targetEntity>
<transferable>true</transferable>
<deleteRule>NO ACTION</deleteRule>
</Relation>