<?xml version = '1.0' encoding = 'UTF-8'?>
<Relation class="oracle.dbtools.crest.model.design.logical.Relation" name="S16_Sub_Project_Of" directorySegmentName="seg_0" id="3F6D7F9D-326E-3807-E788-21D7C389257A">
<createdBy>Dirty Jesse</createdBy>
<createdTime>2016-03-28 23:15:57 UTC</createdTime>
<ownerDesignName>Project_Conceptual_Model</ownerDesignName>
<engineerTo>
<item key="B083BAB8-EAA4-D9BD-EBBE-5DBB86FE72ED" value="true"/>
</engineerTo>
<targetPk>7D32666C-8291-F5A4-232F-EC457BBCEA97</targetPk>
<identifying>false</identifying>
<optionalSource>true</optionalSource>
<optionalTarget>false</optionalTarget>
<sourceCardinality>1</sourceCardinality>
<sourceEntity>54040635-4205-34B2-36EC-2F260C854DA2</sourceEntity>
<targetCardinalityString>1</targetCardinalityString>
<targetEntity>54040635-4205-34B2-36EC-2F260C854DA2</targetEntity>
<transferable>true</transferable>
<deleteRule>NO ACTION</deleteRule>
</Relation>