<?xml version = '1.0' encoding = 'UTF-8'?>
<Relation class="oracle.dbtools.crest.model.design.logical.Relation" name="S16_Manager_Dept" directorySegmentName="seg_0" id="51CA3CC9-F258-28ED-5BF5-4660DD52647A">
<createdBy>Dirty Jesse</createdBy>
<createdTime>2016-03-28 23:12:24 UTC</createdTime>
<ownerDesignName>Project_Conceptual_Model</ownerDesignName>
<engineerTo>
<item key="B083BAB8-EAA4-D9BD-EBBE-5DBB86FE72ED" value="true"/>
</engineerTo>
<sourcePk>9BDB0F71-72D4-4C57-C738-723D3259A713</sourcePk>
<identifying>false</identifying>
<optionalSource>true</optionalSource>
<optionalTarget>false</optionalTarget>
<sourceCardinality>1</sourceCardinality>
<sourceEntity>43DFABB9-C159-E1A8-6033-EE304203478A</sourceEntity>
<targetCardinalityString>1</targetCardinalityString>
<targetEntity>6C412EE5-AA9A-ABA1-FA51-D3D50389A403</targetEntity>
<transferable>true</transferable>
<deleteRule>NO ACTION</deleteRule>
</Relation>