<?xml version = '1.0' encoding = 'UTF-8'?>
<Relation class="oracle.dbtools.crest.model.design.logical.Relation" name="S16_Dept_Assigned" directorySegmentName="seg_0" id="5265DF4D-1506-6FC7-6C53-D878C04DA962">
<createdBy>Dirty Jesse</createdBy>
<createdTime>2016-03-28 23:13:53 UTC</createdTime>
<ownerDesignName>Project_Conceptual_Model</ownerDesignName>
<engineerTo>
<item key="B083BAB8-EAA4-D9BD-EBBE-5DBB86FE72ED" value="true"/>
</engineerTo>
<sourcePk>7D32666C-8291-F5A4-232F-EC457BBCEA97</sourcePk>
<identifying>false</identifying>
<optionalSource>true</optionalSource>
<optionalTarget>false</optionalTarget>
<sourceCardinality>1</sourceCardinality>
<sourceEntity>54040635-4205-34B2-36EC-2F260C854DA2</sourceEntity>
<targetCardinalityString>1</targetCardinalityString>
<targetEntity>6C412EE5-AA9A-ABA1-FA51-D3D50389A403</targetEntity>
<transferable>true</transferable>
<deleteRule>NO ACTION</deleteRule>
</Relation>