<?xml version = '1.0' encoding = 'UTF-8'?>
<Relation class="oracle.dbtools.crest.model.design.logical.Relation" name="S16_Employee_Manager" directorySegmentName="seg_0" id="5EDD5175-DB06-9BF9-82CC-9DE01EA95072">
<createdBy>Dirty Jesse</createdBy>
<createdTime>2016-03-28 23:05:54 UTC</createdTime>
<ownerDesignName>Project_Conceptual_Model</ownerDesignName>
<engineerTo>
<item key="B083BAB8-EAA4-D9BD-EBBE-5DBB86FE72ED" value="true"/>
</engineerTo>
<sourcePk>9BDB0F71-72D4-4C57-C738-723D3259A713</sourcePk>
<identifying>false</identifying>
<optionalSource>true</optionalSource>
<optionalTarget>false</optionalTarget>
<sourceCardinality>1</sourceCardinality>
<sourceEntity>9AD4E056-5F62-3500-ACA9-E3E7026F4BD8</sourceEntity>
<targetCardinalityString>1</targetCardinalityString>
<targetEntity>43DFABB9-C159-E1A8-6033-EE304203478A</targetEntity>
<transferable>true</transferable>
<deleteRule>NO ACTION</deleteRule>
</Relation>