<?xml version = '1.0' encoding = 'UTF-8'?>
<Relation class="oracle.dbtools.crest.model.design.logical.Relation" name="S16_Project_Employees" directorySegmentName="seg_0" id="850B2ADC-60B0-C712-641B-2E344AE3BB1A">
<createdBy>Dirty Jesse</createdBy>
<createdTime>2016-03-28 23:17:32 UTC</createdTime>
<ownerDesignName>Project_Conceptual_Model</ownerDesignName>
<engineerTo>
<item key="B083BAB8-EAA4-D9BD-EBBE-5DBB86FE72ED" value="true"/>
</engineerTo>
<sourcePk>7D32666C-8291-F5A4-232F-EC457BBCEA97</sourcePk>
<identifying>false</identifying>
<optionalSource>true</optionalSource>
<optionalTarget>false</optionalTarget>
<sourceCardinality>1</sourceCardinality>
<sourceEntity>0DC02A7C-0B74-29E7-948E-1055369D3AB7</sourceEntity>
<targetCardinalityString>*</targetCardinalityString>
<targetEntity>FDA6DA38-F60D-EBAD-617A-FEB8D247833A</targetEntity>
<transferable>true</transferable>
<deleteRule>NO ACTION</deleteRule>
</Relation>