<?xml version = '1.0' encoding = 'UTF-8'?>
<Relation class="oracle.dbtools.crest.model.design.logical.Relation" name="S16_Project_Manager" directorySegmentName="seg_0" id="995AF51F-7115-4A6B-96DB-5B98F6E2A4CA">
<createdBy>Dirty Jesse</createdBy>
<createdTime>2016-03-28 23:13:22 UTC</createdTime>
<ownerDesignName>Project_Conceptual_Model</ownerDesignName>
<engineerTo>
<item key="B083BAB8-EAA4-D9BD-EBBE-5DBB86FE72ED" value="true"/>
</engineerTo>
<sourcePk>7D32666C-8291-F5A4-232F-EC457BBCEA97</sourcePk>
<identifying>false</identifying>
<optionalSource>true</optionalSource>
<optionalTarget>false</optionalTarget>
<sourceCardinality>1</sourceCardinality>
<sourceEntity>54040635-4205-34B2-36EC-2F260C854DA2</sourceEntity>
<targetCardinalityString>1</targetCardinalityString>
<targetEntity>43DFABB9-C159-E1A8-6033-EE304203478A</targetEntity>
<transferable>true</transferable>
<deleteRule>NO ACTION</deleteRule>
</Relation>