<?xml version = '1.0' encoding = 'UTF-8'?>
<Relation class="oracle.dbtools.crest.model.design.logical.Relation" name="S16_Current_Projects" directorySegmentName="seg_0" id="E94F716A-EACF-ADC2-8B19-AF2C51905314">
<createdBy>Dirty Jesse</createdBy>
<createdTime>2016-03-28 23:08:01 UTC</createdTime>
<ownerDesignName>Project_Conceptual_Model</ownerDesignName>
<engineerTo>
<item key="B083BAB8-EAA4-D9BD-EBBE-5DBB86FE72ED" value="true"/>
</engineerTo>
<sourcePk>9BDB0F71-72D4-4C57-C738-723D3259A713</sourcePk>
<identifying>false</identifying>
<optionalSource>true</optionalSource>
<optionalTarget>false</optionalTarget>
<sourceCardinality>1</sourceCardinality>
<sourceEntity>FDA6DA38-F60D-EBAD-617A-FEB8D247833A</sourceEntity>
<targetCardinalityString>*</targetCardinalityString>
<targetEntity>0DC02A7C-0B74-29E7-948E-1055369D3AB7</targetEntity>
<transferable>true</transferable>
<deleteRule>NO ACTION</deleteRule>
</Relation>