<?xml version = '1.0' encoding = 'UTF-8'?>
<Diagram class="oracle.dbtools.crest.swingui.relational.DPVRelational" name="Relational_1" id="8733E3E2-0E64-642E-D9DD-CA8E75939942">
<createdBy>Dirty Jesse</createdBy>
<modifiedBy>Dirty Jesse</modifiedBy>
<createdTime>2016-03-30 20:35:27 UTC</createdTime>
<autoRoute>false</autoRoute>
<boxInbox>true</boxInbox>
<showLegend>false</showLegend>
<showLabels>false</showLabels>
<showRelAttributes>false</showRelAttributes>
<gridEnabled>false</gridEnabled>
<showGrid>false</showGrid>
<diagramColor>-1</diagramColor>
<display>false</display>
<notation>1</notation>
<objectViews>
<OView class="oracle.dbtools.crest.swingui.relational.TVTable" oid="2A9A4659-DDF1-FB89-E118-9A8FF48090EF" otype="Table" vid="2FC367A5-7614-AC8F-15A6-FF500BFF8CA1">
<hideElementsInCurrentOnly>false</hideElementsInCurrentOnly>
<bounds x="335" y="483" width="313" height="172"/>
</OView>
<OView class="oracle.dbtools.crest.swingui.relational.TVTable" oid="534903A5-C386-D91A-5C14-B1DC2FFD4EE7" otype="Table" vid="472053BE-62FC-2F84-F14F-221EAC530AD5">
<hideElementsInCurrentOnly>false</hideElementsInCurrentOnly>
<bounds x="707" y="56" width="302" height="110"/>
</OView>
<OView class="oracle.dbtools.crest.swingui.relational.TVTable" oid="90D11227-83F2-99A0-BCE8-6B4AA4049596" otype="Table" vid="D7646E7C-EBCE-7352-DCFB-617DC5CC16E7">
<hideElementsInCurrentOnly>false</hideElementsInCurrentOnly>
<bounds x="337" y="32" width="315" height="419"/>
</OView>
<OView class="oracle.dbtools.crest.swingui.relational.TVTable" oid="A8809566-DC4B-9CD1-6195-CB77D2F746C2" otype="Table" vid="913324C7-14A6-AF72-70BE-CD2C9253772C">
<hideElementsInCurrentOnly>false</hideElementsInCurrentOnly>
<bounds x="700" y="318" width="322" height="276"/>
</OView>
<OView class="oracle.dbtools.crest.swingui.relational.TVTable" oid="CACBCD86-77B8-CCBE-D8CC-0FA7DC8BD450" otype="Table" vid="4D0F1A8A-549B-3CDF-A23D-CE6EFA7F03EE">
<hideElementsInCurrentOnly>false</hideElementsInCurrentOnly>
<bounds x="0" y="50" width="308" height="125"/>
</OView>
</objectViews>
<connectors>
<Connector class="oracle.dbtools.crest.swingui.relational.TVFKRelation" oid="17EC073C-A0AF-0820-33C4-23D376956816" otype="FKIndexAssociation" vid_source="2FC367A5-7614-AC8F-15A6-FF500BFF8CA1" vid_target="913324C7-14A6-AF72-70BE-CD2C9253772C">
<hideElementsInCurrentOnly>false</hideElementsInCurrentOnly>
<lineWidth>1</lineWidth>
<points>
<point x="648" y="538"/>
<point x="700" y="538"/>
</points>
</Connector>
<Connector class="oracle.dbtools.crest.swingui.relational.TVFKRelation" oid="1D060FDE-DA49-FD8E-B7DD-22E994F3EBFD" otype="FKIndexAssociation" vid_source="913324C7-14A6-AF72-70BE-CD2C9253772C" vid_target="913324C7-14A6-AF72-70BE-CD2C9253772C">
<hideElementsInCurrentOnly>false</hideElementsInCurrentOnly>
<lineWidth>1</lineWidth>
<points>
<point x="943" y="318"/>
<point x="943" y="287"/>
<point x="911" y="287"/>
<point x="879" y="287"/>
<point x="879" y="318"/>
</points>
</Connector>
<Connector class="oracle.dbtools.crest.swingui.relational.TVFKRelation" oid="34D4D7C1-F7CD-32A3-5E21-FBD911FAB4CD" otype="FKIndexAssociation" vid_source="D7646E7C-EBCE-7352-DCFB-617DC5CC16E7" vid_target="D7646E7C-EBCE-7352-DCFB-617DC5CC16E7">
<hideElementsInCurrentOnly>false</hideElementsInCurrentOnly>
<lineWidth>1</lineWidth>
<points>
<point x="526" y="32"/>
<point x="526" y="7"/>
<point x="488" y="7"/>
<point x="443" y="6"/>
<point x="443" y="32"/>
</points>
</Connector>
<Connector class="oracle.dbtools.crest.swingui.relational.TVFKRelation" oid="38DD19D9-AB5E-3374-8645-21EDD80887FA" otype="FKIndexAssociation" vid_source="D7646E7C-EBCE-7352-DCFB-617DC5CC16E7" vid_target="472053BE-62FC-2F84-F14F-221EAC530AD5">
<hideElementsInCurrentOnly>false</hideElementsInCurrentOnly>
<lineWidth>1</lineWidth>
<points>
<point x="652" y="121"/>
<point x="707" y="121"/>
</points>
</Connector>
<Connector class="oracle.dbtools.crest.swingui.relational.TVFKRelation" oid="526C0C84-96A8-6DAF-D352-5FDD28CA6C99" otype="FKIndexAssociation" vid_source="913324C7-14A6-AF72-70BE-CD2C9253772C" vid_target="D7646E7C-EBCE-7352-DCFB-617DC5CC16E7">
<hideElementsInCurrentOnly>false</hideElementsInCurrentOnly>
<lineWidth>1</lineWidth>
<points>
<point x="700" y="394"/>
<point x="652" y="394"/>
</points>
</Connector>
<Connector class="oracle.dbtools.crest.swingui.relational.TVFKRelation" oid="7985B2BD-AB5A-19E0-8011-56500798F744" otype="FKIndexAssociation" vid_source="D7646E7C-EBCE-7352-DCFB-617DC5CC16E7" vid_target="2FC367A5-7614-AC8F-15A6-FF500BFF8CA1">
<hideElementsInCurrentOnly>false</hideElementsInCurrentOnly>
<lineWidth>1</lineWidth>
<points>
<point x="492" y="451"/>
<point x="492" y="483"/>
</points>
</Connector>
<Connector class="oracle.dbtools.crest.swingui.relational.TVFKRelation" oid="7F0AD962-8FA9-1E61-E5E0-466250D53E5F" otype="FKIndexAssociation" vid_source="D7646E7C-EBCE-7352-DCFB-617DC5CC16E7" vid_target="4D0F1A8A-549B-3CDF-A23D-CE6EFA7F03EE">
<hideElementsInCurrentOnly>false</hideElementsInCurrentOnly>
<lineWidth>1</lineWidth>
<points>
<point x="337" y="112"/>
<point x="308" y="112"/>
</points>
</Connector>
<Connector class="oracle.dbtools.crest.swingui.relational.TVFKRelation" oid="7F0D9F75-9EC1-2557-B04F-F3E082868847" otype="FKIndexAssociation" vid_source="D7646E7C-EBCE-7352-DCFB-617DC5CC16E7" vid_target="D7646E7C-EBCE-7352-DCFB-617DC5CC16E7">
<hideElementsInCurrentOnly>false</hideElementsInCurrentOnly>
<lineWidth>1</lineWidth>
<points>
<point x="618" y="241"/>
<point x="618" y="123"/>
<point x="618" y="93"/>
<point x="617" y="65"/>
<point x="617" y="32"/>
</points>
</Connector>
<Connector class="oracle.dbtools.crest.swingui.relational.TVFKRelation" oid="7F538F6B-9D65-55FD-5A65-C0FE62B3C7B7" otype="FKIndexAssociation" vid_source="913324C7-14A6-AF72-70BE-CD2C9253772C" vid_target="913324C7-14A6-AF72-70BE-CD2C9253772C">
<hideElementsInCurrentOnly>false</hideElementsInCurrentOnly>
<lineWidth>1</lineWidth>
<points>
<point x="725" y="318"/>
<point x="725" y="289"/>
<point x="754" y="288"/>
<point x="780" y="288"/>
<point x="780" y="318"/>
</points>
</Connector>
<Connector class="oracle.dbtools.crest.swingui.relational.TVFKRelation" oid="88299406-37F0-739A-A332-895C6D9EC164" otype="FKIndexAssociation" vid_source="2FC367A5-7614-AC8F-15A6-FF500BFF8CA1" vid_target="D7646E7C-EBCE-7352-DCFB-617DC5CC16E7">
<hideElementsInCurrentOnly>false</hideElementsInCurrentOnly>
<lineWidth>1</lineWidth>
<points>
<point x="502" y="483"/>
<point x="502" y="451"/>
</points>
</Connector>
<Connector class="oracle.dbtools.crest.swingui.relational.TVFKRelation" oid="9BB1590F-BC20-875D-15DB-8FC64372A32A" otype="FKIndexAssociation" vid_source="913324C7-14A6-AF72-70BE-CD2C9253772C" vid_target="2FC367A5-7614-AC8F-15A6-FF500BFF8CA1">
<hideElementsInCurrentOnly>false</hideElementsInCurrentOnly>
<lineWidth>1</lineWidth>
<points>
<point x="700" y="548"/>
<point x="648" y="548"/>
</points>
</Connector>
<Connector class="oracle.dbtools.crest.swingui.relational.TVFKRelation" oid="E23ED32E-BB68-5DBB-7C8F-A9ADD3BD0F84" otype="FKIndexAssociation" vid_source="D7646E7C-EBCE-7352-DCFB-617DC5CC16E7" vid_target="913324C7-14A6-AF72-70BE-CD2C9253772C">
<hideElementsInCurrentOnly>false</hideElementsInCurrentOnly>
<lineWidth>1</lineWidth>
<points>
<point x="652" y="384"/>
<point x="700" y="384"/>
</points>
</Connector>
<Connector class="oracle.dbtools.crest.swingui.relational.TVFKRelation" oid="E881A0FE-FF46-B01F-A5B6-2B47E962168C" otype="FKIndexAssociation" vid_source="D7646E7C-EBCE-7352-DCFB-617DC5CC16E7" vid_target="4D0F1A8A-549B-3CDF-A23D-CE6EFA7F03EE">
<hideElementsInCurrentOnly>false</hideElementsInCurrentOnly>
<lineWidth>1</lineWidth>
<points>
<point x="337" y="122"/>
<point x="308" y="122"/>
</points>
</Connector>
<Connector class="oracle.dbtools.crest.swingui.relational.TVFKRelation" oid="EE170DF2-6671-FC4F-2810-4B070E8E0A27" otype="FKIndexAssociation" vid_source="D7646E7C-EBCE-7352-DCFB-617DC5CC16E7" vid_target="D7646E7C-EBCE-7352-DCFB-617DC5CC16E7">
<hideElementsInCurrentOnly>false</hideElementsInCurrentOnly>
<lineWidth>1</lineWidth>
<points>
<point x="337" y="253"/>
<point x="265" y="253"/>
<point x="265" y="234"/>
<point x="265" y="203"/>
<point x="337" y="203"/>
</points>
</Connector>
<Connector class="oracle.dbtools.crest.swingui.relational.TVFKRelation" oid="FD6CAF62-D16A-CEA4-5628-2CA4863E6BFE" otype="FKIndexAssociation" vid_source="913324C7-14A6-AF72-70BE-CD2C9253772C" vid_target="472053BE-62FC-2F84-F14F-221EAC530AD5">
<hideElementsInCurrentOnly>false</hideElementsInCurrentOnly>
<lineWidth>1</lineWidth>
<points>
<point x="858" y="318"/>
<point x="858" y="166"/>
</points>
</Connector>
</connectors>
</Diagram>