<?xml version = '1.0' encoding = 'UTF-8'?>
<relationalModel class="oracle.dbtools.crest.model.design.relational.RelationalDesign" name="Relational_1" id="E1BDE5FF-C12A-0160-122F-B544A903F624" mainViewID="7E08EFE7-FB92-31DC-E000-6A7EE7250E1B">
<createdBy>Dirty Jesse</createdBy>
<createdTime>2016-04-20 22:54:55 UTC</createdTime>
<ownerDesignName>Project_Logical_Model</ownerDesignName>
<shouldBeOpen>false</shouldBeOpen>
<selectedRDBMSSite>32076570-2523-435C-2E92-BF29817DFF70</selectedRDBMSSite>
</relationalModel>