<?xml version = '1.0' encoding = 'UTF-8'?>
<relationalModel class="oracle.dbtools.crest.model.design.relational.RelationalDesign" name="Relational_1" id="B083BAB8-EAA4-D9BD-EBBE-5DBB86FE72ED" mainViewID="5991E030-33EF-3EF8-B7C6-F98BDB516C10">
<createdBy>Dirty Jesse</createdBy>
<createdTime>2016-03-28 20:01:05 UTC</createdTime>
<ownerDesignName>Project_Conceptual_Model</ownerDesignName>
<shouldBeOpen>false</shouldBeOpen>
<selectedRDBMSSite>32076570-2523-435C-2E92-BF29817DFF70</selectedRDBMSSite>
</relationalModel>