<?xml version = '1.0' encoding = 'UTF-8'?>
<Relation class="oracle.dbtools.crest.model.design.logical.Relation" name="Proj_Spouse" directorySegmentName="seg_0" id="E227C837-02C6-2818-E82D-AB225F009EF8">
<createdBy>Dirty Jesse</createdBy>
<createdTime>2016-04-21 19:14:05 UTC</createdTime>
<ownerDesignName>Project_Conceptual_Model</ownerDesignName>
<engineerTo>
<item key="B083BAB8-EAA4-D9BD-EBBE-5DBB86FE72ED" value="true"/>
</engineerTo>
<targetPk>9BDB0F71-72D4-4C57-C738-723D3259A713</targetPk>
<identifying>false</identifying>
<optionalSource>true</optionalSource>
<optionalTarget>false</optionalTarget>
<sourceCardinality>1</sourceCardinality>
<sourceEntity>3FFFE160-6CDB-FB99-4735-7B9B0D935F74</sourceEntity>
<targetCardinalityString>1</targetCardinalityString>
<targetEntity>3FFFE160-6CDB-FB99-4735-7B9B0D935F74</targetEntity>
<transferable>true</transferable>
<deleteRule>NO ACTION</deleteRule>
</Relation>