<?xml version = '1.0' encoding = 'UTF-8'?>
<FKIndexAssociation class="oracle.dbtools.crest.model.design.relational.FKIndexAssociation" directorySegmentName="seg_0" id="91D572B5-CCA4-DFED-40A9-5B5BA0035206" containerWithKeyObject="2B0EC79C-07BF-A73E-066B-5AA45A07C342" localFKIndex="A72D45AB-21C2-DF0E-1461-1BB85F061F5D" name="Proj_History_Proj_Project_FK">
<createdBy>Dirty Jesse</createdBy>
<createdTime>2016-04-20 22:55:03 UTC</createdTime>
<generatorID>8A8212C6-7E54-C29D-EB2B-FCDD5E442B41</generatorID>
<ownerDesignName>Project_Logical_Model</ownerDesignName>
<deleteRule>NO ACTION</deleteRule>
<referredTableID>BFE81A31-9593-6F40-EFF0-B88E3876BFFC</referredTableID>
<keyObject>8761A72C-B82A-3092-9ACB-DC7F45DCBFED</keyObject>
<referredKeyID>8761A72C-B82A-3092-9ACB-DC7F45DCBFED</referredKeyID>
<mandatory>true</mandatory>
<transferable>true</transferable>
<rely>false</rely>
<columnDependencyConstraintGenerateInDDL>true</columnDependencyConstraintGenerateInDDL>
</FKIndexAssociation>