<?xml version = '1.0' encoding = 'UTF-8'?>
<FKIndexAssociation class="oracle.dbtools.crest.model.design.relational.FKIndexAssociation" directorySegmentName="seg_0" id="9C36726B-5323-239A-944E-8F87F1ECBC9A" containerWithKeyObject="C3DDF3F6-6005-4084-5AFD-1889C012BC90" localFKIndex="134A187C-7933-CB36-D3D5-4CA93114C751" name="Proj_Par_Chil_Proj_Person_FKv2">
<createdBy>Dirty Jesse</createdBy>
<createdTime>2016-04-20 22:55:03 UTC</createdTime>
<generatorID>E8E2000B-CE18-6B7B-0AD1-B090B76BB612</generatorID>
<ownerDesignName>Project_Logical_Model</ownerDesignName>
<deleteRule>NO ACTION</deleteRule>
<referredTableID>99CDDE0A-81F7-5419-B2C3-30D9845EAC98</referredTableID>
<keyObject>7D90D8DD-5E2F-D4BB-FBA4-38CA3149C4FA</keyObject>
<referredKeyID>7D90D8DD-5E2F-D4BB-FBA4-38CA3149C4FA</referredKeyID>
<mandatory>false</mandatory>
<transferable>true</transferable>
<rely>false</rely>
<columnDependencyConstraintGenerateInDDL>true</columnDependencyConstraintGenerateInDDL>
</FKIndexAssociation>