<?xml version = '1.0' encoding = 'UTF-8'?>
<Diagram class="oracle.dbtools.crest.swingui.logical.DPVLogical" name="Logical" id="7C3EE7F1-FB47-CFE6-7501-D3351E6AA98B">
<createdBy>Dirty Jesse</createdBy>
<modifiedBy>Dirty Jesse</modifiedBy>
<createdTime>2016-03-28 23:45:16 UTC</createdTime>
<autoRoute>false</autoRoute>
<boxInbox>true</boxInbox>
<showLegend>false</showLegend>
<showLabels>false</showLabels>
<showRelAttributes>false</showRelAttributes>
<gridEnabled>false</gridEnabled>
<showGrid>false</showGrid>
<diagramColor>-1</diagramColor>
<display>false</display>
<notation>2</notation>
<objectViews>
<OView class="oracle.dbtools.crest.swingui.logical.TVEntity" oid="038417A7-1660-8A94-DFAF-23BA3E74CC2A" otype="Entity" vid="A3FC6D71-C2AA-3C00-AB9A-0C3DF7960BE3">
<hideElementsInCurrentOnly>false</hideElementsInCurrentOnly>
<bounds x="22" y="100" width="260" height="96"/>
</OView>
<OView class="oracle.dbtools.crest.swingui.logical.TVEntity" oid="14CAAD3B-F067-D1E2-9942-19786D294931" otype="Entity" vid="356E8D85-695C-0DCE-BE11-5CB71B94F128">
<hideElementsInCurrentOnly>false</hideElementsInCurrentOnly>
<bounds x="348" y="50" width="223" height="318"/>
</OView>
<OView class="oracle.dbtools.crest.swingui.logical.TVEntity" oid="2263D87C-2E61-95D4-BAA8-FC344BD94256" otype="Entity" vid="C41E5BAE-544B-4143-820D-796E510FB896">
<hideElementsInCurrentOnly>false</hideElementsInCurrentOnly>
<bounds x="640" y="320" width="220" height="207"/>
</OView>
<OView class="oracle.dbtools.crest.swingui.logical.TVEntity" oid="68FF157B-6D1D-0A07-DF4A-19EBA59F3F58" otype="Entity" vid="CEF7EF84-283A-D810-11DA-52ACBF1376B4">
<hideElementsInCurrentOnly>false</hideElementsInCurrentOnly>
<bounds x="641" y="87" width="170" height="110"/>
</OView>
<OView class="oracle.dbtools.crest.swingui.logical.TVEntity" oid="B4299C12-395E-5E4A-C34D-5888FF2C0C47" otype="Entity" vid="DA9C19EE-76DF-59A4-2273-EC59E06F7D9A">
<hideElementsInCurrentOnly>false</hideElementsInCurrentOnly>
<bounds x="363" y="425" width="170" height="110"/>
</OView>
<OView class="oracle.dbtools.crest.swingui.logical.TVEntity" oid="DB022641-F654-97D6-340C-2F2D02E71AFE" otype="Entity" vid="50CDF900-5E87-96A5-5F82-D91944336D1B">
<hideElementsInCurrentOnly>false</hideElementsInCurrentOnly>
<bounds x="906" y="342" width="170" height="153"/>
</OView>
</objectViews>
<connectors>
<Connector class="oracle.dbtools.crest.swingui.logical.TVRelation" oid="1DD48A7A-F9B5-1705-3C95-6905C8AABD36" otype="Relation" vid_source="DA9C19EE-76DF-59A4-2273-EC59E06F7D9A" vid_target="356E8D85-695C-0DCE-BE11-5CB71B94F128">
<hideElementsInCurrentOnly>false</hideElementsInCurrentOnly>
<lineWidth>1</lineWidth>
<points>
<point x="448" y="425"/>
<point x="448" y="368"/>
</points>
</Connector>
<Connector class="oracle.dbtools.crest.swingui.logical.TVRelation" oid="52B12725-970E-E767-A6E3-0D0D7B72C6D6" otype="Relation" vid_source="DA9C19EE-76DF-59A4-2273-EC59E06F7D9A" vid_target="C41E5BAE-544B-4143-820D-796E510FB896">
<hideElementsInCurrentOnly>false</hideElementsInCurrentOnly>
<lineWidth>1</lineWidth>
<points>
<point x="533" y="486"/>
<point x="640" y="486"/>
</points>
</Connector>
<Connector class="oracle.dbtools.crest.swingui.logical.TVRelation" oid="5E07502B-1AEA-E35F-BB60-89F3A8D84E6C" otype="Relation" vid_source="356E8D85-695C-0DCE-BE11-5CB71B94F128" vid_target="356E8D85-695C-0DCE-BE11-5CB71B94F128">
<hideElementsInCurrentOnly>false</hideElementsInCurrentOnly>
<lineWidth>1</lineWidth>
<points>
<point x="348" y="253"/>
<point x="275" y="253"/>
<point x="276" y="236"/>
<point x="276" y="205"/>
<point x="348" y="205"/>
</points>
</Connector>
<Connector class="oracle.dbtools.crest.swingui.logical.TVRelation" oid="656DF137-5DCD-747A-A340-EC9D17AE0CCF" otype="Relation" vid_source="356E8D85-695C-0DCE-BE11-5CB71B94F128" vid_target="C41E5BAE-544B-4143-820D-796E510FB896">
<hideElementsInCurrentOnly>false</hideElementsInCurrentOnly>
<lineWidth>1</lineWidth>
<points>
<point x="571" y="354"/>
<point x="640" y="354"/>
</points>
</Connector>
<Connector class="oracle.dbtools.crest.swingui.logical.TVRelation" oid="8A8212C6-7E54-C29D-EB2B-FCDD5E442B41" otype="Relation" vid_source="C41E5BAE-544B-4143-820D-796E510FB896" vid_target="50CDF900-5E87-96A5-5F82-D91944336D1B">
<hideElementsInCurrentOnly>false</hideElementsInCurrentOnly>
<lineWidth>1</lineWidth>
<points>
<point x="860" y="418"/>
<point x="906" y="418"/>
</points>
</Connector>
<Connector class="oracle.dbtools.crest.swingui.logical.TVRelation" oid="C9E71FA2-21AA-6792-D113-B9C3289B2FC2" otype="Relation" vid_source="356E8D85-695C-0DCE-BE11-5CB71B94F128" vid_target="CEF7EF84-283A-D810-11DA-52ACBF1376B4">
<hideElementsInCurrentOnly>false</hideElementsInCurrentOnly>
<lineWidth>1</lineWidth>
<points>
<point x="571" y="142"/>
<point x="641" y="142"/>
</points>
</Connector>
<Connector class="oracle.dbtools.crest.swingui.logical.TVRelation" oid="CBF5EB82-8A28-2267-380C-3BC3479A9A87" otype="Relation" vid_source="C41E5BAE-544B-4143-820D-796E510FB896" vid_target="CEF7EF84-283A-D810-11DA-52ACBF1376B4">
<hideElementsInCurrentOnly>false</hideElementsInCurrentOnly>
<lineWidth>1</lineWidth>
<points>
<point x="736" y="320"/>
<point x="736" y="197"/>
</points>
</Connector>
<Connector class="oracle.dbtools.crest.swingui.logical.TVRelation" oid="D72A1707-783E-0752-EC26-79D7CDF0B37B" otype="Relation" vid_source="356E8D85-695C-0DCE-BE11-5CB71B94F128" vid_target="356E8D85-695C-0DCE-BE11-5CB71B94F128">
<hideElementsInCurrentOnly>false</hideElementsInCurrentOnly>
<lineWidth>1</lineWidth>
<points>
<point x="537" y="50"/>
<point x="537" y="9"/>
<point x="499" y="9"/>
<point x="454" y="8"/>
<point x="454" y="50"/>
</points>
</Connector>
<Connector class="oracle.dbtools.crest.swingui.logical.TVRelation" oid="E54DEA33-3965-9289-6B10-2412C12DD8FE" otype="Relation" vid_source="356E8D85-695C-0DCE-BE11-5CB71B94F128" vid_target="A3FC6D71-C2AA-3C00-AB9A-0C3DF7960BE3">
<hideElementsInCurrentOnly>false</hideElementsInCurrentOnly>
<lineWidth>1</lineWidth>
<points>
<point x="348" y="148"/>
<point x="282" y="148"/>
</points>
</Connector>
<Connector class="oracle.dbtools.crest.swingui.logical.TVRelation" oid="E8E2000B-CE18-6B7B-0AD1-B090B76BB612" otype="Relation" vid_source="356E8D85-695C-0DCE-BE11-5CB71B94F128" vid_target="A3FC6D71-C2AA-3C00-AB9A-0C3DF7960BE3">
<hideElementsInCurrentOnly>false</hideElementsInCurrentOnly>
<lineWidth>1</lineWidth>
<points>
<point x="348" y="158"/>
<point x="282" y="158"/>
</points>
</Connector>
<Connector class="oracle.dbtools.crest.swingui.logical.TVRelation" oid="FAB465F8-7AA7-DF14-0894-EC38B8F2393A" otype="Relation" vid_source="C41E5BAE-544B-4143-820D-796E510FB896" vid_target="C41E5BAE-544B-4143-820D-796E510FB896">
<hideElementsInCurrentOnly>false</hideElementsInCurrentOnly>
<lineWidth>1</lineWidth>
<points>
<point x="665" y="320"/>
<point x="665" y="291"/>
<point x="694" y="290"/>
<point x="720" y="290"/>
<point x="720" y="320"/>
</points>
</Connector>
</connectors>
</Diagram>