<?xml version = '1.0' encoding = 'UTF-8'?>
<Table class="oracle.dbtools.crest.model.design.relational.Table" directorySegmentName="seg_0" id="93E69B10-9AF5-FCC3-605E-AFF95B7B94D5" name="S16_Project">
<createdBy>Dirty Jesse</createdBy>
<createdTime>2016-03-29 00:16:53 UTC</createdTime>
<generatorID>2263D87C-2E61-95D4-BAA8-FC344BD94256</generatorID>
<ownerDesignName>Project_Logical_Model</ownerDesignName>
<allowColumnReorder>false</allowColumnReorder>
<existDependencyGenerateInDDl>true</existDependencyGenerateInDDl>
<parsed>true</parsed>
<columns itemClass="oracle.dbtools.crest.model.design.relational.Column">
<Column name="project_no" id="B22877DF-D8FF-DFD7-5025-831453E0D656">
<createdBy>Dirty Jesse</createdBy>
<createdTime>2016-03-29 00:16:53 UTC</createdTime>
<generatorID>5C371376-BF3B-5161-3E60-3998C1B3BFE4</generatorID>
<ownerDesignName>Project_Logical_Model</ownerDesignName>
<useDomainConstraints>false</useDomainConstraints>
<use>1</use>
<logicalDatatype>LOGDT011</logicalDatatype>
<ownDataTypeParameters>,,</ownDataTypeParameters>
<autoIncrementCycle>false</autoIncrementCycle>
</Column>
<Column name="project_title" id="48F6295B-CA49-3FC3-1068-326B2FF7FD0E">
<createdBy>Dirty Jesse</createdBy>
<createdTime>2016-03-29 00:16:53 UTC</createdTime>
<generatorID>58472E2A-3038-0E4B-DB4E-8F593F3D19D1</generatorID>
<ownerDesignName>Project_Logical_Model</ownerDesignName>
<useDomainConstraints>false</useDomainConstraints>
<use>1</use>
<logicalDatatype>LOGDT024</logicalDatatype>
<dataTypeSize>20 CHAR</dataTypeSize>
<ownDataTypeParameters>20 CHAR,,</ownDataTypeParameters>
<autoIncrementCycle>false</autoIncrementCycle>
</Column>
<Column name="person_id" id="2B0E3E32-0383-24E3-C6FB-A29860BEC9FA">
<createdBy>Dirty Jesse</createdBy>
<createdTime>2016-03-29 00:16:53 UTC</createdTime>
<generatorID>8803BC81-0B3A-345F-EB2C-F056F08B5DC3</generatorID>
<ownerDesignName>Project_Logical_Model</ownerDesignName>
<useDomainConstraints>false</useDomainConstraints>
<use>1</use>
<logicalDatatype>LOGDT011</logicalDatatype>
<ownDataTypeParameters>,,</ownDataTypeParameters>
<autoIncrementCycle>false</autoIncrementCycle>
</Column>
<Column name="dept_no" id="730E7946-F6B5-0EAE-529F-01728316413F">
<createdBy>Dirty Jesse</createdBy>
<createdTime>2016-03-29 00:16:53 UTC</createdTime>
<generatorID>399035CF-77CB-1143-72F8-ADABDE5C4BAB</generatorID>
<ownerDesignName>Project_Logical_Model</ownerDesignName>
<useDomainConstraints>false</useDomainConstraints>
<use>1</use>
<logicalDatatype>LOGDT011</logicalDatatype>
<ownDataTypeParameters>,,</ownDataTypeParameters>
<autoIncrementCycle>false</autoIncrementCycle>
</Column>
<Column name="project_active" id="60DE2296-4BC5-EA96-2CD0-350812308A8D">
<createdBy>Dirty Jesse</createdBy>
<createdTime>2016-03-29 00:16:53 UTC</createdTime>
<generatorID>2742F7EE-CD29-9F9D-99DB-52C412AAF623</generatorID>
<ownerDesignName>Project_Logical_Model</ownerDesignName>
<useDomainConstraints>false</useDomainConstraints>
<use>1</use>
<logicalDatatype>LOGDT006</logicalDatatype>
<dataTypeSize>1</dataTypeSize>
<ownDataTypeParameters>1,,</ownDataTypeParameters>
<autoIncrementCycle>false</autoIncrementCycle>
</Column>
<Column name="end_date" id="1F2234A4-5640-8C5C-4836-0037EF922A8B">
<createdBy>Dirty Jesse</createdBy>
<createdTime>2016-03-29 00:16:53 UTC</createdTime>
<generatorID>0FC69FC1-9343-6E30-640A-CF3DD62457E7</generatorID>
<ownerDesignName>Project_Logical_Model</ownerDesignName>
<nullsAllowed>true</nullsAllowed>
<useDomainConstraints>false</useDomainConstraints>
<use>1</use>
<logicalDatatype>LOGDT007</logicalDatatype>
<ownDataTypeParameters>,,</ownDataTypeParameters>
<autoIncrementCycle>false</autoIncrementCycle>
</Column>
<Column name="est_person_hours" id="9EEC7234-D3FF-CF0C-86AB-3EC08792067B">
<createdBy>Dirty Jesse</createdBy>
<createdTime>2016-03-29 00:16:53 UTC</createdTime>
<generatorID>39C8C21F-2AC0-6C96-C0C5-69B3FB6FD4A6</generatorID>
<ownerDesignName>Project_Logical_Model</ownerDesignName>
<nullsAllowed>true</nullsAllowed>
<useDomainConstraints>false</useDomainConstraints>
<use>1</use>
<logicalDatatype>LOGDT011</logicalDatatype>
<ownDataTypeParameters>,,</ownDataTypeParameters>
<autoIncrementCycle>false</autoIncrementCycle>
</Column>
<Column name="S16_Project_project_no1" id="4B52FB2B-7DE1-8893-3454-20A6D0DC694A">
<createdBy>Dirty Jesse</createdBy>
<createdTime>2016-03-29 00:16:53 UTC</createdTime>
<generatorID>BC1EF10C-F3A4-A74E-DE58-A05DCFB29D53</generatorID>
<ownerDesignName>Project_Logical_Model</ownerDesignName>
<useDomainConstraints>false</useDomainConstraints>
<use>1</use>
<logicalDatatype>LOGDT011</logicalDatatype>
<ownDataTypeParameters>,,</ownDataTypeParameters>
<previousColumn>false</previousColumn>
<autoIncrementCycle>false</autoIncrementCycle>
<associations>
<colAssociation fkAssociation="7A5E2206-B6A0-0D60-237E-891181E4182C" referredColumn="B22877DF-D8FF-DFD7-5025-831453E0D656"/>
</associations>
</Column>
<Column name="S16_Project_project_no" id="3321E1FE-4018-34E1-45FA-3E1D0B2913AE">
<createdBy>Dirty Jesse</createdBy>
<createdTime>2016-03-29 00:16:53 UTC</createdTime>
<generatorID>5BFBF26A-664D-FA62-2FEB-6A62DF4F262B</generatorID>
<ownerDesignName>Project_Logical_Model</ownerDesignName>
<useDomainConstraints>false</useDomainConstraints>
<use>1</use>
<logicalDatatype>LOGDT011</logicalDatatype>
<ownDataTypeParameters>,,</ownDataTypeParameters>
<previousColumn>false</previousColumn>
<autoIncrementCycle>false</autoIncrementCycle>
<associations>
<colAssociation fkAssociation="58BD1C8F-AF54-A05F-2AC3-6500225A59C1" referredColumn="B22877DF-D8FF-DFD7-5025-831453E0D656"/>
</associations>
</Column>
<Column name="S16_Department_dept_no" id="479AFEAE-8632-932A-23D1-D1696D075DF5">
<createdBy>Dirty Jesse</createdBy>
<createdTime>2016-03-29 00:16:53 UTC</createdTime>
<generatorID>0B084507-0072-EA79-0F68-0A00AF4430EE</generatorID>
<ownerDesignName>Project_Logical_Model</ownerDesignName>
<useDomainConstraints>false</useDomainConstraints>
<use>1</use>
<logicalDatatype>LOGDT011</logicalDatatype>
<ownDataTypeParameters>,,</ownDataTypeParameters>
<previousColumn>false</previousColumn>
<autoIncrementCycle>false</autoIncrementCycle>
</Column>
<Column name="S16_Person_person_id1" id="3A5DC2A9-0C32-022A-3CA6-20B63E0399C6">
<createdBy>Dirty Jesse</createdBy>
<createdTime>2016-03-29 00:16:53 UTC</createdTime>
<generatorID>8B600465-3156-1B39-9F00-5FB28114FAAE</generatorID>
<ownerDesignName>Project_Logical_Model</ownerDesignName>
<useDomainConstraints>false</useDomainConstraints>
<use>1</use>
<logicalDatatype>LOGDT011</logicalDatatype>
<ownDataTypeParameters>,,</ownDataTypeParameters>
<previousColumn>false</previousColumn>
<autoIncrementCycle>false</autoIncrementCycle>
<associations>
<colAssociation fkAssociation="F1C482AE-52B1-C6C9-BED9-E883C3660779" referredColumn="3918362F-A61E-559D-3B0D-651EA62AA226"/>
</associations>
</Column>
<Column name="S16_Person_person_id" id="3B0E28F5-3868-9A19-FF88-32E4CEAC929A">
<createdBy>Dirty Jesse</createdBy>
<createdTime>2016-03-29 00:16:53 UTC</createdTime>
<generatorID>17671FC7-3A20-50C0-65D0-052B0A5B9000</generatorID>
<ownerDesignName>Project_Logical_Model</ownerDesignName>
<useDomainConstraints>false</useDomainConstraints>
<use>1</use>
<logicalDatatype>LOGDT011</logicalDatatype>
<ownDataTypeParameters>,,</ownDataTypeParameters>
<previousColumn>false</previousColumn>
<autoIncrementCycle>false</autoIncrementCycle>
<associations>
<colAssociation fkAssociation="098606B2-D4BD-A692-86C0-A93FD3D21E14" referredColumn="3918362F-A61E-559D-3B0D-651EA62AA226"/>
</associations>
</Column>
<Column name="type" id="C08BD0D4-5748-FAAA-0E5D-6098B64198DB">
<createdBy>Dirty Jesse</createdBy>
<createdTime>2016-03-30 02:49:22 UTC</createdTime>
<generatorID>0DB7893F-7F87-3973-C282-C40CD8812993</generatorID>
<ownerDesignName>Project_Logical_Model</ownerDesignName>
<nullsAllowed>true</nullsAllowed>
<useDomainConstraints>false</useDomainConstraints>
<use>1</use>
<logicalDatatype>LOGDT024</logicalDatatype>
<dataTypeSize>255</dataTypeSize>
<ownDataTypeParameters>255,,</ownDataTypeParameters>
<autoIncrementCycle>false</autoIncrementCycle>
</Column>
<Column name="S16_Departmentv1_dept_no" id="7DE7D033-AC80-A365-D37A-FB277D703268">
<createdBy>Dirty Jesse</createdBy>
<createdTime>2016-03-30 03:04:30 UTC</createdTime>
<generatorID>BE88950A-FEB5-CA16-F99E-6DB01848A686</generatorID>
<ownerDesignName>Project_Logical_Model</ownerDesignName>
<useDomainConstraints>false</useDomainConstraints>
<use>1</use>
<logicalDatatype>LOGDT011</logicalDatatype>
<ownDataTypeParameters>,,</ownDataTypeParameters>
<previousColumn>false</previousColumn>
<autoIncrementCycle>false</autoIncrementCycle>
<associations>
<colAssociation fkAssociation="61085B43-C343-CF7B-C307-82D6E00CFAFA" referredColumn="B7AF8187-6902-D893-1E25-C2D28F2B014F"/>
</associations>
</Column>
</columns>
<indexes itemClass="oracle.dbtools.crest.model.design.relational.Index">
<ind_PK_UK id="0D5F28A2-1F34-C696-594D-A6DCB2CEAE39" name="S16_Project_PK">
<createdBy>Dirty Jesse</createdBy>
<createdTime>2016-03-29 00:16:53 UTC</createdTime>
<generatorID>B1F088E1-3953-0614-C189-BE819CBF1C47</generatorID>
<ownerDesignName>Project_Logical_Model</ownerDesignName>
<pk>true</pk>
<indexState>Primary Constraint</indexState>
<isSurrogateKey>false</isSurrogateKey>
<indexColumnUsage>
<colUsage columnID="B22877DF-D8FF-DFD7-5025-831453E0D656"/>
</indexColumnUsage>
</ind_PK_UK>
<ind_PK_UK id="FC95A3E9-863A-89DA-B58B-0D5C7C416C6F" name="S16_Project__IDX">
<createdBy>Dirty Jesse</createdBy>
<createdTime>2016-03-29 00:16:54 UTC</createdTime>
<ownerDesignName>Project_Logical_Model</ownerDesignName>
<indexState>Unique Plain Index</indexState>
<isSurrogateKey>false</isSurrogateKey>
<relationGeneratorID>402BA49F-12C8-BD53-7396-01317E08ACC8</relationGeneratorID>
<indexColumnUsage>
<colUsage columnID="3321E1FE-4018-34E1-45FA-3E1D0B2913AE"/>
</indexColumnUsage>
</ind_PK_UK>
<ind_PK_UK id="46D9A66B-265C-FF38-473C-244822E42425" name="S16_Project_S16_Person_FK">
<createdBy>Dirty Jesse</createdBy>
<createdTime>2016-03-29 00:16:54 UTC</createdTime>
<generatorID>9FBAC5DC-2A51-AECF-6C45-5806136087D5</generatorID>
<ownerDesignName>Project_Logical_Model</ownerDesignName>
<indexState>Foreign Key</indexState>
<isSurrogateKey>false</isSurrogateKey>
<indexColumnUsage>
<colUsage columnID="3B0E28F5-3868-9A19-FF88-32E4CEAC929A"/>
</indexColumnUsage>
</ind_PK_UK>
<ind_PK_UK id="75061329-68D8-36CE-6BF8-01EB70B0C599" name="S16_Project_S16_Person_FKv1">
<createdBy>Dirty Jesse</createdBy>
<createdTime>2016-03-29 00:16:54 UTC</createdTime>
<generatorID>656DF137-5DCD-747A-A340-EC9D17AE0CCF</generatorID>
<ownerDesignName>Project_Logical_Model</ownerDesignName>
<indexState>Foreign Key</indexState>
<isSurrogateKey>false</isSurrogateKey>
<indexColumnUsage>
<colUsage columnID="3A5DC2A9-0C32-022A-3CA6-20B63E0399C6"/>
</indexColumnUsage>
</ind_PK_UK>
<ind_PK_UK id="20EE8B47-1CA2-6E51-E534-07D251EFBD72" name="S16_Project_S16_Project_FK">
<createdBy>Dirty Jesse</createdBy>
<createdTime>2016-03-29 00:16:54 UTC</createdTime>
<generatorID>402BA49F-12C8-BD53-7396-01317E08ACC8</generatorID>
<ownerDesignName>Project_Logical_Model</ownerDesignName>
<indexState>Foreign Key</indexState>
<isSurrogateKey>false</isSurrogateKey>
<indexColumnUsage>
<colUsage columnID="3321E1FE-4018-34E1-45FA-3E1D0B2913AE"/>
</indexColumnUsage>
</ind_PK_UK>
<ind_PK_UK id="A44041FE-E8A6-5B40-0B8D-0F59F1D5BC77" name="S16_Project_S16_Project_FKv1">
<createdBy>Dirty Jesse</createdBy>
<createdTime>2016-03-29 00:16:54 UTC</createdTime>
<generatorID>FAB465F8-7AA7-DF14-0894-EC38B8F2393A</generatorID>
<ownerDesignName>Project_Logical_Model</ownerDesignName>
<indexState>Foreign Key</indexState>
<isSurrogateKey>false</isSurrogateKey>
<indexColumnUsage>
<colUsage columnID="4B52FB2B-7DE1-8893-3454-20A6D0DC694A"/>
</indexColumnUsage>
</ind_PK_UK>
<ind_PK_UK id="984E63EA-2990-79BB-1200-45BF96B11890" name="S16_Project_S16_Departmentv1_FK">
<createdBy>Dirty Jesse</createdBy>
<createdTime>2016-03-30 03:04:30 UTC</createdTime>
<generatorID>52B12725-970E-E767-A6E3-0D0D7B72C6D6</generatorID>
<ownerDesignName>Project_Logical_Model</ownerDesignName>
<indexState>Foreign Key</indexState>
<isSurrogateKey>false</isSurrogateKey>
<indexColumnUsage>
<colUsage columnID="7DE7D033-AC80-A365-D37A-FB277D703268"/>
</indexColumnUsage>
</ind_PK_UK>
</indexes>
</Table>