<?xml version = '1.0' encoding = 'UTF-8'?>
<Table class="oracle.dbtools.crest.model.design.relational.Table" directorySegmentName="seg_0" id="B66D1234-3FFD-DA8A-4582-CE6B181F6975" name="S16_Par_Chil">
<createdBy>Dirty Jesse</createdBy>
<createdTime>2016-03-29 00:16:53 UTC</createdTime>
<generatorID>038417A7-1660-8A94-DFAF-23BA3E74CC2A</generatorID>
<ownerDesignName>Project_Logical_Model</ownerDesignName>
<allowColumnReorder>false</allowColumnReorder>
<existDependencyGenerateInDDl>true</existDependencyGenerateInDDl>
<parsed>true</parsed>
<columns itemClass="oracle.dbtools.crest.model.design.relational.Column">
<Column name="parents_children_id" id="A68F6A86-1F93-3E8B-1C43-622DE8400D6C">
<createdBy>Dirty Jesse</createdBy>
<createdTime>2016-03-29 00:16:53 UTC</createdTime>
<generatorID>AFF984B2-C47A-11DF-A4AE-CB216DEED432</generatorID>
<ownerDesignName>Project_Logical_Model</ownerDesignName>
<useDomainConstraints>false</useDomainConstraints>
<use>1</use>
<logicalDatatype>LOGDT011</logicalDatatype>
<ownDataTypeParameters>,,</ownDataTypeParameters>
<autoIncrementCycle>false</autoIncrementCycle>
</Column>
<Column name="S16_Person_person_id" id="7B3BD8C0-1EAB-386F-2176-58B7C799FF17">
<createdBy>Dirty Jesse</createdBy>
<createdTime>2016-03-29 00:16:53 UTC</createdTime>
<generatorID>86B8355B-2B9D-3C7D-15D3-E054050099A7</generatorID>
<ownerDesignName>Project_Logical_Model</ownerDesignName>
<useDomainConstraints>false</useDomainConstraints>
<use>1</use>
<logicalDatatype>LOGDT011</logicalDatatype>
<ownDataTypeParameters>,,</ownDataTypeParameters>
<previousColumn>false</previousColumn>
<autoIncrementCycle>false</autoIncrementCycle>
<associations>
<colAssociation fkAssociation="1A93459C-8BA1-06C1-D2B6-1FDC0CC88AE9" referredColumn="3918362F-A61E-559D-3B0D-651EA62AA226"/>
</associations>
</Column>
<Column name="S16_Person_person_id2" id="7197CF91-D3C3-696D-83C6-5BF6ED641EB5">
<createdBy>Dirty Jesse</createdBy>
<createdTime>2016-03-29 00:16:53 UTC</createdTime>
<generatorID>47698B22-1EB6-41E9-1B2C-37B96EA94D4B</generatorID>
<ownerDesignName>Project_Logical_Model</ownerDesignName>
<useDomainConstraints>false</useDomainConstraints>
<use>1</use>
<logicalDatatype>LOGDT011</logicalDatatype>
<ownDataTypeParameters>,,</ownDataTypeParameters>
<previousColumn>false</previousColumn>
<autoIncrementCycle>false</autoIncrementCycle>
<associations>
<colAssociation fkAssociation="05C3C316-0A90-7701-18A7-5F94E52A15AA" referredColumn="3918362F-A61E-559D-3B0D-651EA62AA226"/>
</associations>
</Column>
</columns>
<indexes itemClass="oracle.dbtools.crest.model.design.relational.Index">
<ind_PK_UK id="13A6448C-84F5-3890-DE5C-E463A26BC9AC" name="S16_Par_Chil_PK">
<createdBy>Dirty Jesse</createdBy>
<createdTime>2016-03-29 00:16:53 UTC</createdTime>
<generatorID>0D9CDA7B-F478-2A38-EB3F-A9BB67C8A3D1</generatorID>
<ownerDesignName>Project_Logical_Model</ownerDesignName>
<pk>true</pk>
<indexState>Primary Constraint</indexState>
<isSurrogateKey>false</isSurrogateKey>
<indexColumnUsage>
<colUsage columnID="A68F6A86-1F93-3E8B-1C43-622DE8400D6C"/>
</indexColumnUsage>
</ind_PK_UK>
<ind_PK_UK id="C4424468-5F85-F840-6D48-4173C2E4A349" name="S16_Par_Chil_S16_Person_FK">
<createdBy>Dirty Jesse</createdBy>
<createdTime>2016-03-29 00:16:53 UTC</createdTime>
<generatorID>E54DEA33-3965-9289-6B10-2412C12DD8FE</generatorID>
<ownerDesignName>Project_Logical_Model</ownerDesignName>
<indexState>Foreign Key</indexState>
<isSurrogateKey>false</isSurrogateKey>
<indexColumnUsage>
<colUsage columnID="7197CF91-D3C3-696D-83C6-5BF6ED641EB5"/>
</indexColumnUsage>
</ind_PK_UK>
<ind_PK_UK id="11090F15-8D37-EBF1-81E5-76FB68D90428" name="S16_Par_Chil_S16_Person_FKv1">
<createdBy>Dirty Jesse</createdBy>
<createdTime>2016-03-29 00:16:54 UTC</createdTime>
<generatorID>E8E2000B-CE18-6B7B-0AD1-B090B76BB612</generatorID>
<ownerDesignName>Project_Logical_Model</ownerDesignName>
<indexState>Foreign Key</indexState>
<isSurrogateKey>false</isSurrogateKey>
<indexColumnUsage>
<colUsage columnID="7B3BD8C0-1EAB-386F-2176-58B7C799FF17"/>
</indexColumnUsage>
</ind_PK_UK>
</indexes>
</Table>