<?xml version = '1.0' encoding = 'UTF-8'?>
<Table class="oracle.dbtools.crest.model.design.relational.Table" directorySegmentName="seg_0" id="C734462C-B03F-88D9-EB99-8591147A0EA9" name="S16_Person">
<createdBy>Dirty Jesse</createdBy>
<createdTime>2016-03-29 00:16:53 UTC</createdTime>
<generatorID>14CAAD3B-F067-D1E2-9942-19786D294931</generatorID>
<ownerDesignName>Project_Logical_Model</ownerDesignName>
<allowColumnReorder>false</allowColumnReorder>
<existDependencyGenerateInDDl>true</existDependencyGenerateInDDl>
<parsed>true</parsed>
<columns itemClass="oracle.dbtools.crest.model.design.relational.Column">
<Column name="person_id" id="3918362F-A61E-559D-3B0D-651EA62AA226">
<createdBy>Dirty Jesse</createdBy>
<createdTime>2016-03-29 00:16:53 UTC</createdTime>
<generatorID>5080417C-A62A-9350-5478-7DDB4BD6F0F5</generatorID>
<ownerDesignName>Project_Logical_Model</ownerDesignName>
<useDomainConstraints>false</useDomainConstraints>
<use>1</use>
<logicalDatatype>LOGDT011</logicalDatatype>
<ownDataTypeParameters>,,</ownDataTypeParameters>
<autoIncrementCycle>false</autoIncrementCycle>
</Column>
<Column name="first_name" id="FA36DFDD-EEB3-1766-D619-6EE32F802DF8">
<createdBy>Dirty Jesse</createdBy>
<createdTime>2016-03-29 00:16:53 UTC</createdTime>
<generatorID>97CD27EA-B39E-60C0-937F-8C65503467FB</generatorID>
<ownerDesignName>Project_Logical_Model</ownerDesignName>
<useDomainConstraints>false</useDomainConstraints>
<use>1</use>
<logicalDatatype>LOGDT024</logicalDatatype>
<dataTypeSize>255</dataTypeSize>
<ownDataTypeParameters>255,,</ownDataTypeParameters>
<autoIncrementCycle>false</autoIncrementCycle>
</Column>
<Column name="last_name" id="E6F3C08E-A60D-D400-20AB-96FC1916FBF5">
<createdBy>Dirty Jesse</createdBy>
<createdTime>2016-03-29 00:16:53 UTC</createdTime>
<generatorID>CA908265-6665-A7F3-C13B-9973524986F3</generatorID>
<ownerDesignName>Project_Logical_Model</ownerDesignName>
<useDomainConstraints>false</useDomainConstraints>
<use>1</use>
<logicalDatatype>LOGDT024</logicalDatatype>
<dataTypeSize>255</dataTypeSize>
<ownDataTypeParameters>255,,</ownDataTypeParameters>
<autoIncrementCycle>false</autoIncrementCycle>
</Column>
<Column name="home_address" id="D02DFFEB-FFBE-D7AF-C348-4DC4EE6D3D7F">
<createdBy>Dirty Jesse</createdBy>
<createdTime>2016-03-29 00:16:53 UTC</createdTime>
<generatorID>8E99D946-B369-A53F-C855-671353958FF4</generatorID>
<ownerDesignName>Project_Logical_Model</ownerDesignName>
<nullsAllowed>true</nullsAllowed>
<useDomainConstraints>false</useDomainConstraints>
<use>1</use>
<logicalDatatype>LOGDT024</logicalDatatype>
<dataTypeSize>255</dataTypeSize>
<ownDataTypeParameters>255,,</ownDataTypeParameters>
<autoIncrementCycle>false</autoIncrementCycle>
</Column>
<Column name="zipcode" id="A6E80DE0-81B6-A848-42C6-D95ED20C551E">
<createdBy>Dirty Jesse</createdBy>
<createdTime>2016-03-29 00:16:53 UTC</createdTime>
<generatorID>7ABCB0BA-2260-0CB0-8B90-D61FC7C8C953</generatorID>
<ownerDesignName>Project_Logical_Model</ownerDesignName>
<nullsAllowed>true</nullsAllowed>
<useDomainConstraints>false</useDomainConstraints>
<use>1</use>
<logicalDatatype>LOGDT011</logicalDatatype>
<ownDataTypeParameters>,,</ownDataTypeParameters>
<autoIncrementCycle>false</autoIncrementCycle>
</Column>
<Column name="home_phone" id="30EDB58C-8417-5A4E-209D-97A3E92332B3">
<createdBy>Dirty Jesse</createdBy>
<createdTime>2016-03-29 00:16:53 UTC</createdTime>
<generatorID>60BF3A9E-679D-4C4F-6333-A9F0426DA6C7</generatorID>
<ownerDesignName>Project_Logical_Model</ownerDesignName>
<nullsAllowed>true</nullsAllowed>
<useDomainConstraints>false</useDomainConstraints>
<use>1</use>
<logicalDatatype>LOGDT011</logicalDatatype>
<ownDataTypeParameters>,,</ownDataTypeParameters>
<autoIncrementCycle>false</autoIncrementCycle>
</Column>
<Column name="us_citizen" id="86C4B540-C1F4-9FD1-5B3E-A3887649BA94">
<createdBy>Dirty Jesse</createdBy>
<createdTime>2016-03-29 00:16:53 UTC</createdTime>
<generatorID>BAFFB21F-7B2D-26CE-D70E-AA1F810CBD14</generatorID>
<ownerDesignName>Project_Logical_Model</ownerDesignName>
<useDomainConstraints>false</useDomainConstraints>
<use>1</use>
<logicalDatatype>LOGDT006</logicalDatatype>
<dataTypeSize>1</dataTypeSize>
<ownDataTypeParameters>1,,</ownDataTypeParameters>
<autoIncrementCycle>false</autoIncrementCycle>
</Column>
<Column name="employee_id" id="72F884C7-E776-CBEF-97DF-DC46C9A00D2C">
<createdBy>Dirty Jesse</createdBy>
<createdTime>2016-03-29 00:16:53 UTC</createdTime>
<generatorID>D0EB5E15-8FC9-2730-F87F-85CFB33968F9</generatorID>
<ownerDesignName>Project_Logical_Model</ownerDesignName>
<useDomainConstraints>false</useDomainConstraints>
<use>1</use>
<logicalDatatype>LOGDT011</logicalDatatype>
<ownDataTypeParameters>,,</ownDataTypeParameters>
<autoIncrementCycle>false</autoIncrementCycle>
</Column>
<Column name="salary" id="063B01A1-925B-5EBD-5AB0-FE6F03563C28">
<createdBy>Dirty Jesse</createdBy>
<createdTime>2016-03-29 00:16:53 UTC</createdTime>
<generatorID>1D810184-A3D0-AEA2-11D1-32756EBCE039</generatorID>
<ownerDesignName>Project_Logical_Model</ownerDesignName>
<useDomainConstraints>false</useDomainConstraints>
<use>1</use>
<logicalDatatype>LOGDT011</logicalDatatype>
<ownDataTypeParameters>,,</ownDataTypeParameters>
<autoIncrementCycle>false</autoIncrementCycle>
</Column>
<Column name="salary_exception" id="30CC9223-3799-EB58-7770-86DDB30FAA61">
<createdBy>Dirty Jesse</createdBy>
<createdTime>2016-03-29 00:16:53 UTC</createdTime>
<generatorID>CE3DFEF8-A7A8-4357-7475-D43926D1AFBB</generatorID>
<ownerDesignName>Project_Logical_Model</ownerDesignName>
<nullsAllowed>true</nullsAllowed>
<useDomainConstraints>false</useDomainConstraints>
<use>1</use>
<logicalDatatype>LOGDT006</logicalDatatype>
<dataTypeSize>1</dataTypeSize>
<ownDataTypeParameters>1,,</ownDataTypeParameters>
<autoIncrementCycle>false</autoIncrementCycle>
</Column>
<Column name="type" id="7041ED9F-7BEB-EFC1-92A4-2769010C19C1">
<createdBy>Dirty Jesse</createdBy>
<createdTime>2016-03-29 00:16:53 UTC</createdTime>
<generatorID>E6E3BCCE-7708-BB31-25F6-106B2E1A6F62</generatorID>
<ownerDesignName>Project_Logical_Model</ownerDesignName>
<nullsAllowed>true</nullsAllowed>
<useDomainConstraints>false</useDomainConstraints>
<use>1</use>
<logicalDatatype>LOGDT024</logicalDatatype>
<dataTypeSize>255</dataTypeSize>
<ownDataTypeParameters>255,,</ownDataTypeParameters>
<autoIncrementCycle>false</autoIncrementCycle>
</Column>
<Column name="S16_Person_person_id1" id="A288921A-BCB2-15D4-7D18-6B939B35FB6C">
<createdBy>Dirty Jesse</createdBy>
<createdTime>2016-03-29 00:16:53 UTC</createdTime>
<generatorID>7CE5A072-0564-57F8-25F6-1B4A42EB2CE6</generatorID>
<ownerDesignName>Project_Logical_Model</ownerDesignName>
<useDomainConstraints>false</useDomainConstraints>
<use>1</use>
<logicalDatatype>LOGDT011</logicalDatatype>
<ownDataTypeParameters>,,</ownDataTypeParameters>
<previousColumn>false</previousColumn>
<autoIncrementCycle>false</autoIncrementCycle>
<associations>
<colAssociation fkAssociation="94C7D4FE-9DC8-4F74-E8AC-B668B2D6FCE9" referredColumn="3918362F-A61E-559D-3B0D-651EA62AA226"/>
</associations>
</Column>
<Column name="S16_Person_person_id3" id="08B78F7E-AA93-52DC-73DC-4501B73F382A">
<createdBy>Dirty Jesse</createdBy>
<createdTime>2016-03-29 00:16:53 UTC</createdTime>
<generatorID>9DD0ED8F-72AB-D50C-C292-E229A3826713</generatorID>
<ownerDesignName>Project_Logical_Model</ownerDesignName>
<useDomainConstraints>false</useDomainConstraints>
<use>1</use>
<logicalDatatype>LOGDT011</logicalDatatype>
<ownDataTypeParameters>,,</ownDataTypeParameters>
<previousColumn>false</previousColumn>
<autoIncrementCycle>false</autoIncrementCycle>
<associations>
<colAssociation fkAssociation="46AC419D-BC34-EE28-5B49-3411E9845882" referredColumn="3918362F-A61E-559D-3B0D-651EA62AA226"/>
</associations>
</Column>
<Column name="S16_Person_person_id" id="EB19CC53-2139-8277-C981-9A918EF75FFC">
<createdBy>Dirty Jesse</createdBy>
<createdTime>2016-03-29 00:16:53 UTC</createdTime>
<generatorID>DE2D8E8B-EB37-834A-9639-2C17E1D25A91</generatorID>
<ownerDesignName>Project_Logical_Model</ownerDesignName>
<useDomainConstraints>false</useDomainConstraints>
<use>1</use>
<logicalDatatype>LOGDT011</logicalDatatype>
<ownDataTypeParameters>,,</ownDataTypeParameters>
<previousColumn>false</previousColumn>
<autoIncrementCycle>false</autoIncrementCycle>
<associations>
<colAssociation fkAssociation="550EC806-CC1F-34F4-8B0C-EDC88AFEFA3D" referredColumn="3918362F-A61E-559D-3B0D-651EA62AA226"/>
</associations>
</Column>
<Column name="S16_Department_dept_no" id="7D3EC4E0-522F-4617-3587-95AE236B6621">
<createdBy>Dirty Jesse</createdBy>
<createdTime>2016-03-29 00:16:53 UTC</createdTime>
<generatorID>8EF460D9-9F1B-2F6E-CD33-915A1251EBE9</generatorID>
<ownerDesignName>Project_Logical_Model</ownerDesignName>
<useDomainConstraints>false</useDomainConstraints>
<use>1</use>
<logicalDatatype>LOGDT011</logicalDatatype>
<ownDataTypeParameters>,,</ownDataTypeParameters>
<previousColumn>false</previousColumn>
<autoIncrementCycle>false</autoIncrementCycle>
</Column>
<Column name="S16_Project_project_no1" id="4246AB38-92A7-FDB7-36FA-89130D80B199">
<createdBy>Dirty Jesse</createdBy>
<createdTime>2016-03-29 00:16:53 UTC</createdTime>
<generatorID>EF9BD71B-7473-B0FE-A960-9718F830D4A2</generatorID>
<ownerDesignName>Project_Logical_Model</ownerDesignName>
<useDomainConstraints>false</useDomainConstraints>
<use>1</use>
<logicalDatatype>LOGDT011</logicalDatatype>
<ownDataTypeParameters>,,</ownDataTypeParameters>
<previousColumn>false</previousColumn>
<autoIncrementCycle>false</autoIncrementCycle>
<associations>
<colAssociation fkAssociation="19C9A298-B029-4DBA-1619-232CEC088558" referredColumn="B22877DF-D8FF-DFD7-5025-831453E0D656"/>
</associations>
</Column>
<Column name="S16_Project_project_no" id="3682D823-015A-6D75-B4F8-864EEF48488F">
<createdBy>Dirty Jesse</createdBy>
<createdTime>2016-03-29 00:16:53 UTC</createdTime>
<generatorID>DFB25168-8EE4-86FB-E698-68F27CCBE5B5</generatorID>
<ownerDesignName>Project_Logical_Model</ownerDesignName>
<useDomainConstraints>false</useDomainConstraints>
<use>1</use>
<logicalDatatype>LOGDT011</logicalDatatype>
<ownDataTypeParameters>,,</ownDataTypeParameters>
<previousColumn>false</previousColumn>
<autoIncrementCycle>false</autoIncrementCycle>
<associations>
<colAssociation fkAssociation="C01AB876-4535-AFE5-485A-A236E2EC365D" referredColumn="B22877DF-D8FF-DFD7-5025-831453E0D656"/>
</associations>
</Column>
<Column name="is_fired" id="99267C1E-B89E-4184-2658-0ED46D9578FD">
<createdBy>Dirty Jesse</createdBy>
<createdTime>2016-03-30 03:04:30 UTC</createdTime>
<generatorID>4FA953BC-B018-9932-7EB9-667671D174A7</generatorID>
<ownerDesignName>Project_Logical_Model</ownerDesignName>
<nullsAllowed>true</nullsAllowed>
<useDomainConstraints>false</useDomainConstraints>
<use>1</use>
<logicalDatatype>LOGDT006</logicalDatatype>
<ownDataTypeParameters>,,</ownDataTypeParameters>
<autoIncrementCycle>false</autoIncrementCycle>
</Column>
<Column name="bonus" id="BE359E66-7D29-503F-42A0-6E349FB80D39">
<createdBy>Dirty Jesse</createdBy>
<createdTime>2016-03-30 03:04:30 UTC</createdTime>
<generatorID>3C0A23A8-9DBE-EBF8-2B95-DF6C5C0F05B6</generatorID>
<ownerDesignName>Project_Logical_Model</ownerDesignName>
<nullsAllowed>true</nullsAllowed>
<useDomainConstraints>false</useDomainConstraints>
<use>1</use>
<logicalDatatype>LOGDT011</logicalDatatype>
<ownDataTypeParameters>,,</ownDataTypeParameters>
<autoIncrementCycle>false</autoIncrementCycle>
</Column>
<Column name="S16_Departmentv1_dept_no" id="F87A25CC-48C5-6F10-6DB6-8ED25B9E180D">
<createdBy>Dirty Jesse</createdBy>
<createdTime>2016-03-30 03:04:30 UTC</createdTime>
<generatorID>6081EFEC-FB51-B90D-CFEC-F29710911A53</generatorID>
<ownerDesignName>Project_Logical_Model</ownerDesignName>
<useDomainConstraints>false</useDomainConstraints>
<use>1</use>
<logicalDatatype>LOGDT011</logicalDatatype>
<ownDataTypeParameters>,,</ownDataTypeParameters>
<previousColumn>false</previousColumn>
<autoIncrementCycle>false</autoIncrementCycle>
<associations>
<colAssociation fkAssociation="927C849E-DC0B-AF34-4313-AEB2DDA86D6F" referredColumn="B7AF8187-6902-D893-1E25-C2D28F2B014F"/>
</associations>
</Column>
</columns>
<indexes itemClass="oracle.dbtools.crest.model.design.relational.Index">
<ind_PK_UK id="D38F9C9B-A619-1870-8BE1-03705993E9FF" name="S16_Person_PK">
<createdBy>Dirty Jesse</createdBy>
<createdTime>2016-03-29 00:16:53 UTC</createdTime>
<generatorID>477DAABC-EFDE-4CAC-AE46-A7EC906B4CBD</generatorID>
<ownerDesignName>Project_Logical_Model</ownerDesignName>
<pk>true</pk>
<indexState>Primary Constraint</indexState>
<isSurrogateKey>false</isSurrogateKey>
<indexColumnUsage>
<colUsage columnID="3918362F-A61E-559D-3B0D-651EA62AA226"/>
</indexColumnUsage>
</ind_PK_UK>
<ind_PK_UK id="F07D0C4F-FE13-2B6C-99B0-6F49D7B6FB09" name="S16_Person__IDX">
<createdBy>Dirty Jesse</createdBy>
<createdTime>2016-03-29 00:16:54 UTC</createdTime>
<ownerDesignName>Project_Logical_Model</ownerDesignName>
<indexState>Unique Plain Index</indexState>
<isSurrogateKey>false</isSurrogateKey>
<relationGeneratorID>69D46D9A-1C0C-516D-1A18-0079A15BCD11</relationGeneratorID>
<indexColumnUsage>
<colUsage columnID="EB19CC53-2139-8277-C981-9A918EF75FFC"/>
</indexColumnUsage>
</ind_PK_UK>
<ind_PK_UK id="FE20BF80-53E9-E13A-B331-DB85FF4FF995" name="S16_Person__IDXv1">
<createdBy>Dirty Jesse</createdBy>
<createdTime>2016-03-29 00:16:54 UTC</createdTime>
<ownerDesignName>Project_Logical_Model</ownerDesignName>
<indexState>Unique Plain Index</indexState>
<isSurrogateKey>false</isSurrogateKey>
<relationGeneratorID>C9A066FB-3F42-6C86-4436-6DADE93CD8C5</relationGeneratorID>
<indexColumnUsage>
<colUsage columnID="4246AB38-92A7-FDB7-36FA-89130D80B199"/>
</indexColumnUsage>
</ind_PK_UK>
<ind_PK_UK id="96A2444C-A092-C2C6-C440-0DD19241DD36" name="S16_Person__IDXv2">
<createdBy>Dirty Jesse</createdBy>
<createdTime>2016-03-29 00:16:54 UTC</createdTime>
<ownerDesignName>Project_Logical_Model</ownerDesignName>
<indexState>Unique Plain Index</indexState>
<isSurrogateKey>false</isSurrogateKey>
<relationGeneratorID>D72A1707-783E-0752-EC26-79D7CDF0B37B</relationGeneratorID>
<indexColumnUsage>
<colUsage columnID="A288921A-BCB2-15D4-7D18-6B939B35FB6C"/>
</indexColumnUsage>
</ind_PK_UK>
<ind_PK_UK id="AE25410C-93F9-B5AC-5393-0DE1E5C1183F" name="S16_Person_S16_Person_FK">
<createdBy>Dirty Jesse</createdBy>
<createdTime>2016-03-29 00:16:54 UTC</createdTime>
<generatorID>69D46D9A-1C0C-516D-1A18-0079A15BCD11</generatorID>
<ownerDesignName>Project_Logical_Model</ownerDesignName>
<indexState>Foreign Key</indexState>
<isSurrogateKey>false</isSurrogateKey>
<indexColumnUsage>
<colUsage columnID="EB19CC53-2139-8277-C981-9A918EF75FFC"/>
</indexColumnUsage>
</ind_PK_UK>
<ind_PK_UK id="059A68A2-EDC2-F2A9-27DA-088EE76C2B84" name="S16_Person_S16_Person_FKv2">
<createdBy>Dirty Jesse</createdBy>
<createdTime>2016-03-29 00:16:54 UTC</createdTime>
<generatorID>5E07502B-1AEA-E35F-BB60-89F3A8D84E6C</generatorID>
<ownerDesignName>Project_Logical_Model</ownerDesignName>
<indexState>Foreign Key</indexState>
<isSurrogateKey>false</isSurrogateKey>
<indexColumnUsage>
<colUsage columnID="08B78F7E-AA93-52DC-73DC-4501B73F382A"/>
</indexColumnUsage>
</ind_PK_UK>
<ind_PK_UK id="07FD7BF6-070C-F4AB-0BC3-444F52BF26E2" name="S16_Person_S16_Project_FK">
<createdBy>Dirty Jesse</createdBy>
<createdTime>2016-03-29 00:16:54 UTC</createdTime>
<generatorID>AB7771DE-2809-9A0B-F619-39AE6146DC35</generatorID>
<ownerDesignName>Project_Logical_Model</ownerDesignName>
<indexState>Foreign Key</indexState>
<isSurrogateKey>false</isSurrogateKey>
<indexColumnUsage>
<colUsage columnID="3682D823-015A-6D75-B4F8-864EEF48488F"/>
</indexColumnUsage>
</ind_PK_UK>
<ind_PK_UK id="4103B8FD-363D-6D1E-7C8B-F6C464C0CFEC" name="S16_Person_S16_Project_FKv1">
<createdBy>Dirty Jesse</createdBy>
<createdTime>2016-03-29 00:16:54 UTC</createdTime>
<generatorID>C9A066FB-3F42-6C86-4436-6DADE93CD8C5</generatorID>
<ownerDesignName>Project_Logical_Model</ownerDesignName>
<indexState>Foreign Key</indexState>
<isSurrogateKey>false</isSurrogateKey>
<indexColumnUsage>
<colUsage columnID="4246AB38-92A7-FDB7-36FA-89130D80B199"/>
</indexColumnUsage>
</ind_PK_UK>
<ind_PK_UK id="D40F71C6-C8F8-3C5B-E408-0F5679FD3886" name="S16_Person_S16_Person_FKv3">
<createdBy>Dirty Jesse</createdBy>
<createdTime>2016-03-29 00:16:54 UTC</createdTime>
<generatorID>D72A1707-783E-0752-EC26-79D7CDF0B37B</generatorID>
<ownerDesignName>Project_Logical_Model</ownerDesignName>
<indexState>Foreign Key</indexState>
<isSurrogateKey>false</isSurrogateKey>
<indexColumnUsage>
<colUsage columnID="A288921A-BCB2-15D4-7D18-6B939B35FB6C"/>
</indexColumnUsage>
</ind_PK_UK>
<ind_PK_UK id="2814E1FD-E503-BDE4-E1A4-5B829A362B96" name="S16_Person_S16_Departmentv1_FK">
<createdBy>Dirty Jesse</createdBy>
<createdTime>2016-03-30 03:04:30 UTC</createdTime>
<generatorID>1DD48A7A-F9B5-1705-3C95-6905C8AABD36</generatorID>
<ownerDesignName>Project_Logical_Model</ownerDesignName>
<indexState>Foreign Key</indexState>
<isSurrogateKey>false</isSurrogateKey>
<indexColumnUsage>
<colUsage columnID="F87A25CC-48C5-6F10-6DB6-8ED25B9E180D"/>
</indexColumnUsage>
</ind_PK_UK>
</indexes>
</Table>