<?xml version = '1.0' encoding = 'UTF-8'?>
<Table class="oracle.dbtools.crest.model.design.relational.Table" directorySegmentName="seg_0" id="EE22D471-9C2A-69B7-87C3-E9C3B4353CF9" name="S16_Department">
<createdBy>Dirty Jesse</createdBy>
<createdTime>2016-03-30 03:04:30 UTC</createdTime>
<generatorID>B4299C12-395E-5E4A-C34D-5888FF2C0C47</generatorID>
<ownerDesignName>Project_Logical_Model</ownerDesignName>
<ordsAlias>s16_departmentv2</ordsAlias>
<allowColumnReorder>false</allowColumnReorder>
<existDependencyGenerateInDDl>true</existDependencyGenerateInDDl>
<parsed>true</parsed>
<columns itemClass="oracle.dbtools.crest.model.design.relational.Column">
<Column name="dept_no" id="B7AF8187-6902-D893-1E25-C2D28F2B014F">
<createdBy>Dirty Jesse</createdBy>
<createdTime>2016-03-30 03:04:30 UTC</createdTime>
<generatorID>9531DB33-3B6D-3852-E017-F4B2F0018A3F</generatorID>
<ownerDesignName>Project_Logical_Model</ownerDesignName>
<useDomainConstraints>false</useDomainConstraints>
<use>1</use>
<logicalDatatype>LOGDT011</logicalDatatype>
<ownDataTypeParameters>,,</ownDataTypeParameters>
<autoIncrementCycle>false</autoIncrementCycle>
</Column>
<Column name="dept_name" id="D7E38550-EE4D-58CF-5207-4E23E8D838F0">
<createdBy>Dirty Jesse</createdBy>
<createdTime>2016-03-30 03:04:30 UTC</createdTime>
<generatorID>9C3E006E-B646-7809-29B9-5C5312583560</generatorID>
<ownerDesignName>Project_Logical_Model</ownerDesignName>
<useDomainConstraints>false</useDomainConstraints>
<use>1</use>
<logicalDatatype>LOGDT024</logicalDatatype>
<dataTypeSize>20 CHAR</dataTypeSize>
<ownDataTypeParameters>20 CHAR,,</ownDataTypeParameters>
<autoIncrementCycle>false</autoIncrementCycle>
</Column>
<Column name="S16_Person_person_id" id="BC411A6C-2338-B804-DFB3-4845496939E2">
<createdBy>Dirty Jesse</createdBy>
<createdTime>2016-03-30 03:04:30 UTC</createdTime>
<generatorID>41DD1DA1-4C3B-8043-226B-E7987674BB67</generatorID>
<ownerDesignName>Project_Logical_Model</ownerDesignName>
<useDomainConstraints>false</useDomainConstraints>
<use>1</use>
<logicalDatatype>LOGDT011</logicalDatatype>
<ownDataTypeParameters>,,</ownDataTypeParameters>
<previousColumn>false</previousColumn>
<autoIncrementCycle>false</autoIncrementCycle>
<associations>
<colAssociation fkAssociation="CB5088F3-5EE3-87A1-B523-EC2783D5ED01" referredColumn="3918362F-A61E-559D-3B0D-651EA62AA226"/>
</associations>
</Column>
<Column name="S16_Project_project_no" id="260A992C-46F8-5639-BEF2-EF64FF567893">
<createdBy>Dirty Jesse</createdBy>
<createdTime>2016-03-30 03:04:30 UTC</createdTime>
<generatorID>6B9AC19B-A9AE-2C6A-A1C9-5B1869105127</generatorID>
<ownerDesignName>Project_Logical_Model</ownerDesignName>
<useDomainConstraints>false</useDomainConstraints>
<use>1</use>
<logicalDatatype>LOGDT011</logicalDatatype>
<ownDataTypeParameters>,,</ownDataTypeParameters>
<previousColumn>false</previousColumn>
<autoIncrementCycle>false</autoIncrementCycle>
<associations>
<colAssociation fkAssociation="5CD71E64-825F-6599-63BA-3A7F960FA85E" referredColumn="B22877DF-D8FF-DFD7-5025-831453E0D656"/>
</associations>
</Column>
</columns>
<indexes itemClass="oracle.dbtools.crest.model.design.relational.Index">
<ind_PK_UK id="1F8D9D59-35B6-A9D7-3D52-FF6B5563932E" name="S16_Departmentv1_PK">
<createdBy>Dirty Jesse</createdBy>
<createdTime>2016-03-30 03:04:30 UTC</createdTime>
<generatorID>6529397A-DDCE-19AB-5EEC-09B887C31209</generatorID>
<ownerDesignName>Project_Logical_Model</ownerDesignName>
<pk>true</pk>
<indexState>Primary Constraint</indexState>
<isSurrogateKey>false</isSurrogateKey>
<indexColumnUsage>
<colUsage columnID="B7AF8187-6902-D893-1E25-C2D28F2B014F"/>
</indexColumnUsage>
</ind_PK_UK>
<ind_PK_UK id="4A90C453-0427-B746-76BF-742347A67B25" name="S16_Departmentv1__IDX">
<createdBy>Dirty Jesse</createdBy>
<createdTime>2016-03-30 03:04:30 UTC</createdTime>
<ownerDesignName>Project_Logical_Model</ownerDesignName>
<indexState>Unique Plain Index</indexState>
<isSurrogateKey>false</isSurrogateKey>
<relationGeneratorID>9F6F9CC6-A677-5AF5-02E5-4860653A857F</relationGeneratorID>
<indexColumnUsage>
<colUsage columnID="260A992C-46F8-5639-BEF2-EF64FF567893"/>
</indexColumnUsage>
</ind_PK_UK>
<ind_PK_UK id="CDC16B41-3922-79B1-75EF-A8CFE12C9552" name="S16_Departmentv1__IDXv1">
<createdBy>Dirty Jesse</createdBy>
<createdTime>2016-03-30 03:04:30 UTC</createdTime>
<ownerDesignName>Project_Logical_Model</ownerDesignName>
<indexState>Unique Plain Index</indexState>
<isSurrogateKey>false</isSurrogateKey>
<relationGeneratorID>7B2FCAB1-05FA-3BAB-97C7-51924A0940BD</relationGeneratorID>
<indexColumnUsage>
<colUsage columnID="BC411A6C-2338-B804-DFB3-4845496939E2"/>
</indexColumnUsage>
</ind_PK_UK>
<ind_PK_UK id="12D8ECEB-62B8-619F-E3D9-5ECCFFB6DCB8" name="S16_Departmentv1_S16_Project_FK">
<createdBy>Dirty Jesse</createdBy>
<createdTime>2016-03-30 03:04:30 UTC</createdTime>
<generatorID>9F6F9CC6-A677-5AF5-02E5-4860653A857F</generatorID>
<ownerDesignName>Project_Logical_Model</ownerDesignName>
<indexState>Foreign Key</indexState>
<isSurrogateKey>false</isSurrogateKey>
<indexColumnUsage>
<colUsage columnID="260A992C-46F8-5639-BEF2-EF64FF567893"/>
</indexColumnUsage>
</ind_PK_UK>
<ind_PK_UK id="AC6731ED-CE40-46C3-1EC1-EA2505658DE1" name="S16_Departmentv1_S16_Person_FK">
<createdBy>Dirty Jesse</createdBy>
<createdTime>2016-03-30 03:04:30 UTC</createdTime>
<generatorID>7B2FCAB1-05FA-3BAB-97C7-51924A0940BD</generatorID>
<ownerDesignName>Project_Logical_Model</ownerDesignName>
<indexState>Foreign Key</indexState>
<isSurrogateKey>false</isSurrogateKey>
<indexColumnUsage>
<colUsage columnID="BC411A6C-2338-B804-DFB3-4845496939E2"/>
</indexColumnUsage>
</ind_PK_UK>
</indexes>
</Table>