<?xml version = '1.0' encoding = 'UTF-8'?>
<FKIndexAssociation class="oracle.dbtools.crest.model.design.relational.FKIndexAssociation" directorySegmentName="seg_0" id="05C3C316-0A90-7701-18A7-5F94E52A15AA" containerWithKeyObject="B66D1234-3FFD-DA8A-4582-CE6B181F6975" localFKIndex="C4424468-5F85-F840-6D48-4173C2E4A349" name="S16_Par_Chil_S16_Person_FK">
<createdBy>Dirty Jesse</createdBy>
<createdTime>2016-03-29 00:16:53 UTC</createdTime>
<generatorID>E54DEA33-3965-9289-6B10-2412C12DD8FE</generatorID>
<ownerDesignName>Project_Logical_Model</ownerDesignName>
<deleteRule>NO ACTION</deleteRule>
<referredTableID>C734462C-B03F-88D9-EB99-8591147A0EA9</referredTableID>
<keyObject>D38F9C9B-A619-1870-8BE1-03705993E9FF</keyObject>
<referredKeyID>D38F9C9B-A619-1870-8BE1-03705993E9FF</referredKeyID>
<mandatory>true</mandatory>
<transferable>true</transferable>
<rely>false</rely>
<columnDependencyConstraintGenerateInDDL>true</columnDependencyConstraintGenerateInDDL>
</FKIndexAssociation>