<?xml version = '1.0' encoding = 'UTF-8'?>
<FKIndexAssociation class="oracle.dbtools.crest.model.design.relational.FKIndexAssociation" directorySegmentName="seg_0" id="19C9A298-B029-4DBA-1619-232CEC088558" containerWithKeyObject="C734462C-B03F-88D9-EB99-8591147A0EA9" localFKIndex="4103B8FD-363D-6D1E-7C8B-F6C464C0CFEC" name="S16_Person_S16_Project_FKv1">
<createdBy>Dirty Jesse</createdBy>
<createdTime>2016-03-29 00:16:54 UTC</createdTime>
<generatorID>C9A066FB-3F42-6C86-4436-6DADE93CD8C5</generatorID>
<ownerDesignName>Project_Logical_Model</ownerDesignName>
<deleteRule>NO ACTION</deleteRule>
<referredTableID>93E69B10-9AF5-FCC3-605E-AFF95B7B94D5</referredTableID>
<keyObject>0D5F28A2-1F34-C696-594D-A6DCB2CEAE39</keyObject>
<referredKeyID>0D5F28A2-1F34-C696-594D-A6DCB2CEAE39</referredKeyID>
<mandatory>true</mandatory>
<transferable>true</transferable>
<rely>false</rely>
<columnDependencyConstraintGenerateInDDL>true</columnDependencyConstraintGenerateInDDL>
</FKIndexAssociation>