<?xml version = '1.0' encoding = 'UTF-8'?>
<FKIndexAssociation class="oracle.dbtools.crest.model.design.relational.FKIndexAssociation" directorySegmentName="seg_0" id="1A93459C-8BA1-06C1-D2B6-1FDC0CC88AE9" containerWithKeyObject="B66D1234-3FFD-DA8A-4582-CE6B181F6975" localFKIndex="11090F15-8D37-EBF1-81E5-76FB68D90428" name="S16_Par_Chil_S16_Person_FKv1">
<createdBy>Dirty Jesse</createdBy>
<createdTime>2016-03-29 00:16:54 UTC</createdTime>
<generatorID>E8E2000B-CE18-6B7B-0AD1-B090B76BB612</generatorID>
<ownerDesignName>Project_Logical_Model</ownerDesignName>
<deleteRule>NO ACTION</deleteRule>
<referredTableID>C734462C-B03F-88D9-EB99-8591147A0EA9</referredTableID>
<keyObject>D38F9C9B-A619-1870-8BE1-03705993E9FF</keyObject>
<referredKeyID>D38F9C9B-A619-1870-8BE1-03705993E9FF</referredKeyID>
<mandatory>true</mandatory>
<transferable>true</transferable>
<rely>false</rely>
<columnDependencyConstraintGenerateInDDL>true</columnDependencyConstraintGenerateInDDL>
</FKIndexAssociation>