<?xml version = '1.0' encoding = 'UTF-8'?>
<FKIndexAssociation class="oracle.dbtools.crest.model.design.relational.FKIndexAssociation" directorySegmentName="seg_0" id="58BD1C8F-AF54-A05F-2AC3-6500225A59C1" containerWithKeyObject="93E69B10-9AF5-FCC3-605E-AFF95B7B94D5" localFKIndex="20EE8B47-1CA2-6E51-E534-07D251EFBD72" name="S16_Project_S16_Project_FK">
<createdBy>Dirty Jesse</createdBy>
<createdTime>2016-03-29 00:16:54 UTC</createdTime>
<generatorID>402BA49F-12C8-BD53-7396-01317E08ACC8</generatorID>
<ownerDesignName>Project_Logical_Model</ownerDesignName>
<deleteRule>NO ACTION</deleteRule>
<referredTableID>93E69B10-9AF5-FCC3-605E-AFF95B7B94D5</referredTableID>
<keyObject>0D5F28A2-1F34-C696-594D-A6DCB2CEAE39</keyObject>
<referredKeyID>0D5F28A2-1F34-C696-594D-A6DCB2CEAE39</referredKeyID>
<mandatory>true</mandatory>
<transferable>true</transferable>
<rely>false</rely>
<columnDependencyConstraintGenerateInDDL>true</columnDependencyConstraintGenerateInDDL>
</FKIndexAssociation>