<?xml version = '1.0' encoding = 'UTF-8'?>
<FKIndexAssociation class="oracle.dbtools.crest.model.design.relational.FKIndexAssociation" directorySegmentName="seg_0" id="5CD71E64-825F-6599-63BA-3A7F960FA85E" containerWithKeyObject="EE22D471-9C2A-69B7-87C3-E9C3B4353CF9" localFKIndex="12D8ECEB-62B8-619F-E3D9-5ECCFFB6DCB8" name="S16_Departmentv1_S16_Project_FK">
<createdBy>Dirty Jesse</createdBy>
<createdTime>2016-03-30 03:04:30 UTC</createdTime>
<generatorID>9F6F9CC6-A677-5AF5-02E5-4860653A857F</generatorID>
<ownerDesignName>Project_Logical_Model</ownerDesignName>
<deleteRule>NO ACTION</deleteRule>
<referredTableID>93E69B10-9AF5-FCC3-605E-AFF95B7B94D5</referredTableID>
<keyObject>0D5F28A2-1F34-C696-594D-A6DCB2CEAE39</keyObject>
<referredKeyID>0D5F28A2-1F34-C696-594D-A6DCB2CEAE39</referredKeyID>
<mandatory>true</mandatory>
<transferable>true</transferable>
<rely>false</rely>
<columnDependencyConstraintGenerateInDDL>true</columnDependencyConstraintGenerateInDDL>
</FKIndexAssociation>