<?xml version = '1.0' encoding = 'UTF-8'?>
<FKIndexAssociation class="oracle.dbtools.crest.model.design.relational.FKIndexAssociation" directorySegmentName="seg_0" id="61085B43-C343-CF7B-C307-82D6E00CFAFA" containerWithKeyObject="93E69B10-9AF5-FCC3-605E-AFF95B7B94D5" localFKIndex="984E63EA-2990-79BB-1200-45BF96B11890" name="S16_Project_S16_Departmentv1_FK">
<createdBy>Dirty Jesse</createdBy>
<createdTime>2016-03-30 03:04:30 UTC</createdTime>
<generatorID>52B12725-970E-E767-A6E3-0D0D7B72C6D6</generatorID>
<ownerDesignName>Project_Logical_Model</ownerDesignName>
<deleteRule>NO ACTION</deleteRule>
<referredTableID>EE22D471-9C2A-69B7-87C3-E9C3B4353CF9</referredTableID>
<keyObject>1F8D9D59-35B6-A9D7-3D52-FF6B5563932E</keyObject>
<referredKeyID>1F8D9D59-35B6-A9D7-3D52-FF6B5563932E</referredKeyID>
<mandatory>true</mandatory>
<transferable>true</transferable>
<rely>false</rely>
<columnDependencyConstraintGenerateInDDL>true</columnDependencyConstraintGenerateInDDL>
</FKIndexAssociation>