<?xml version = '1.0' encoding = 'UTF-8'?>
<FKIndexAssociation class="oracle.dbtools.crest.model.design.relational.FKIndexAssociation" directorySegmentName="seg_0" id="7A5E2206-B6A0-0D60-237E-891181E4182C" containerWithKeyObject="93E69B10-9AF5-FCC3-605E-AFF95B7B94D5" localFKIndex="A44041FE-E8A6-5B40-0B8D-0F59F1D5BC77" name="S16_Project_S16_Project_FKv1">
<createdBy>Dirty Jesse</createdBy>
<createdTime>2016-03-29 00:16:54 UTC</createdTime>
<generatorID>FAB465F8-7AA7-DF14-0894-EC38B8F2393A</generatorID>
<ownerDesignName>Project_Logical_Model</ownerDesignName>
<deleteRule>NO ACTION</deleteRule>
<referredTableID>93E69B10-9AF5-FCC3-605E-AFF95B7B94D5</referredTableID>
<keyObject>0D5F28A2-1F34-C696-594D-A6DCB2CEAE39</keyObject>
<referredKeyID>0D5F28A2-1F34-C696-594D-A6DCB2CEAE39</referredKeyID>
<mandatory>true</mandatory>
<transferable>true</transferable>
<rely>false</rely>
<columnDependencyConstraintGenerateInDDL>true</columnDependencyConstraintGenerateInDDL>
</FKIndexAssociation>