<?xml version = '1.0' encoding = 'UTF-8'?>
<FKIndexAssociation class="oracle.dbtools.crest.model.design.relational.FKIndexAssociation" directorySegmentName="seg_0" id="927C849E-DC0B-AF34-4313-AEB2DDA86D6F" containerWithKeyObject="C734462C-B03F-88D9-EB99-8591147A0EA9" localFKIndex="2814E1FD-E503-BDE4-E1A4-5B829A362B96" name="S16_Person_S16_Departmentv1_FK">
<createdBy>Dirty Jesse</createdBy>
<createdTime>2016-03-30 03:04:30 UTC</createdTime>
<generatorID>1DD48A7A-F9B5-1705-3C95-6905C8AABD36</generatorID>
<ownerDesignName>Project_Logical_Model</ownerDesignName>
<deleteRule>NO ACTION</deleteRule>
<referredTableID>EE22D471-9C2A-69B7-87C3-E9C3B4353CF9</referredTableID>
<keyObject>1F8D9D59-35B6-A9D7-3D52-FF6B5563932E</keyObject>
<referredKeyID>1F8D9D59-35B6-A9D7-3D52-FF6B5563932E</referredKeyID>
<mandatory>true</mandatory>
<transferable>true</transferable>
<rely>false</rely>
<columnDependencyConstraintGenerateInDDL>true</columnDependencyConstraintGenerateInDDL>
</FKIndexAssociation>