<?xml version = '1.0' encoding = 'UTF-8'?>
<FKIndexAssociation class="oracle.dbtools.crest.model.design.relational.FKIndexAssociation" directorySegmentName="seg_0" id="94C7D4FE-9DC8-4F74-E8AC-B668B2D6FCE9" containerWithKeyObject="C734462C-B03F-88D9-EB99-8591147A0EA9" localFKIndex="D40F71C6-C8F8-3C5B-E408-0F5679FD3886" name="S16_Person_S16_Person_FKv3">
<createdBy>Dirty Jesse</createdBy>
<createdTime>2016-03-29 00:16:54 UTC</createdTime>
<generatorID>D72A1707-783E-0752-EC26-79D7CDF0B37B</generatorID>
<ownerDesignName>Project_Logical_Model</ownerDesignName>
<deleteRule>NO ACTION</deleteRule>
<referredTableID>C734462C-B03F-88D9-EB99-8591147A0EA9</referredTableID>
<keyObject>D38F9C9B-A619-1870-8BE1-03705993E9FF</keyObject>
<referredKeyID>D38F9C9B-A619-1870-8BE1-03705993E9FF</referredKeyID>
<mandatory>true</mandatory>
<transferable>true</transferable>
<rely>false</rely>
<columnDependencyConstraintGenerateInDDL>true</columnDependencyConstraintGenerateInDDL>
</FKIndexAssociation>