<?xml version = '1.0' encoding = 'UTF-8'?>
<FKIndexAssociation class="oracle.dbtools.crest.model.design.relational.FKIndexAssociation" directorySegmentName="seg_0" id="C01AB876-4535-AFE5-485A-A236E2EC365D" containerWithKeyObject="C734462C-B03F-88D9-EB99-8591147A0EA9" localFKIndex="07FD7BF6-070C-F4AB-0BC3-444F52BF26E2" name="S16_Person_S16_Project_FK">
<createdBy>Dirty Jesse</createdBy>
<createdTime>2016-03-29 00:16:54 UTC</createdTime>
<generatorID>AB7771DE-2809-9A0B-F619-39AE6146DC35</generatorID>
<ownerDesignName>Project_Logical_Model</ownerDesignName>
<deleteRule>NO ACTION</deleteRule>
<referredTableID>93E69B10-9AF5-FCC3-605E-AFF95B7B94D5</referredTableID>
<keyObject>0D5F28A2-1F34-C696-594D-A6DCB2CEAE39</keyObject>
<referredKeyID>0D5F28A2-1F34-C696-594D-A6DCB2CEAE39</referredKeyID>
<mandatory>true</mandatory>
<transferable>true</transferable>
<rely>false</rely>
<columnDependencyConstraintGenerateInDDL>true</columnDependencyConstraintGenerateInDDL>
</FKIndexAssociation>