<?xml version = '1.0' encoding = 'UTF-8'?>
<FKIndexAssociation class="oracle.dbtools.crest.model.design.relational.FKIndexAssociation" directorySegmentName="seg_0" id="CB5088F3-5EE3-87A1-B523-EC2783D5ED01" containerWithKeyObject="EE22D471-9C2A-69B7-87C3-E9C3B4353CF9" localFKIndex="AC6731ED-CE40-46C3-1EC1-EA2505658DE1" name="S16_Departmentv1_S16_Person_FK">
<createdBy>Dirty Jesse</createdBy>
<createdTime>2016-03-30 03:04:30 UTC</createdTime>
<generatorID>7B2FCAB1-05FA-3BAB-97C7-51924A0940BD</generatorID>
<ownerDesignName>Project_Logical_Model</ownerDesignName>
<deleteRule>NO ACTION</deleteRule>
<referredTableID>C734462C-B03F-88D9-EB99-8591147A0EA9</referredTableID>
<keyObject>D38F9C9B-A619-1870-8BE1-03705993E9FF</keyObject>
<referredKeyID>D38F9C9B-A619-1870-8BE1-03705993E9FF</referredKeyID>
<mandatory>true</mandatory>
<transferable>true</transferable>
<rely>false</rely>
<columnDependencyConstraintGenerateInDDL>true</columnDependencyConstraintGenerateInDDL>
</FKIndexAssociation>