<?xml version = '1.0' encoding = 'UTF-8'?>
<FKIndexAssociation class="oracle.dbtools.crest.model.design.relational.FKIndexAssociation" directorySegmentName="seg_0" id="F1C482AE-52B1-C6C9-BED9-E883C3660779" containerWithKeyObject="93E69B10-9AF5-FCC3-605E-AFF95B7B94D5" localFKIndex="75061329-68D8-36CE-6BF8-01EB70B0C599" name="S16_Project_S16_Person_FKv1">
<createdBy>Dirty Jesse</createdBy>
<createdTime>2016-03-29 00:16:54 UTC</createdTime>
<generatorID>656DF137-5DCD-747A-A340-EC9D17AE0CCF</generatorID>
<ownerDesignName>Project_Logical_Model</ownerDesignName>
<deleteRule>NO ACTION</deleteRule>
<referredTableID>C734462C-B03F-88D9-EB99-8591147A0EA9</referredTableID>
<keyObject>D38F9C9B-A619-1870-8BE1-03705993E9FF</keyObject>
<referredKeyID>D38F9C9B-A619-1870-8BE1-03705993E9FF</referredKeyID>
<mandatory>true</mandatory>
<transferable>true</transferable>
<rely>false</rely>
<columnDependencyConstraintGenerateInDDL>true</columnDependencyConstraintGenerateInDDL>
</FKIndexAssociation>