<?xml version = '1.0' encoding = 'UTF-8'?>
<FKIndexAssociation class="oracle.dbtools.crest.model.design.relational.FKIndexAssociation" directorySegmentName="seg_0" id="9BB1590F-BC20-875D-15DB-8FC64372A32A" containerWithKeyObject="2A9A4659-DDF1-FB89-E118-9A8FF48090EF" localFKIndex="34F37DF8-AE85-B7EC-C1FA-622BB6A12833" name="S16_Department_S16_Project_FK">
<createdBy>Dirty Jesse</createdBy>
<createdTime>2016-03-30 20:35:27 UTC</createdTime>
<generatorID>9F6F9CC6-A677-5AF5-02E5-4860653A857F</generatorID>
<ownerDesignName>Project_Logical_Model</ownerDesignName>
<deleteRule>NO ACTION</deleteRule>
<referredTableID>A8809566-DC4B-9CD1-6195-CB77D2F746C2</referredTableID>
<keyObject>E3FD89D1-1A97-963A-508E-5448AE0D2BE2</keyObject>
<referredKeyID>E3FD89D1-1A97-963A-508E-5448AE0D2BE2</referredKeyID>
<mandatory>true</mandatory>
<transferable>true</transferable>
<rely>false</rely>
<columnDependencyConstraintGenerateInDDL>true</columnDependencyConstraintGenerateInDDL>
</FKIndexAssociation>