<?xml version = '1.0' encoding = 'UTF-8'?>
<FKIndexAssociation class="oracle.dbtools.crest.model.design.relational.FKIndexAssociation" directorySegmentName="seg_0" id="E881A0FE-FF46-B01F-A5B6-2B47E962168C" containerWithKeyObject="CACBCD86-77B8-CCBE-D8CC-0FA7DC8BD450" localFKIndex="CF610851-E835-1F9E-E61F-02F8B94B3B58" name="S16_Par_Chil_S16_Person_FKv1">
<createdBy>Dirty Jesse</createdBy>
<createdTime>2016-03-30 20:35:27 UTC</createdTime>
<generatorID>E8E2000B-CE18-6B7B-0AD1-B090B76BB612</generatorID>
<ownerDesignName>Project_Logical_Model</ownerDesignName>
<deleteRule>NO ACTION</deleteRule>
<referredTableID>90D11227-83F2-99A0-BCE8-6B4AA4049596</referredTableID>
<keyObject>A7C720BB-ECD9-9980-DD0F-78543BEBEE8A</keyObject>
<referredKeyID>A7C720BB-ECD9-9980-DD0F-78543BEBEE8A</referredKeyID>
<mandatory>true</mandatory>
<transferable>true</transferable>
<rely>false</rely>
<columnDependencyConstraintGenerateInDDL>true</columnDependencyConstraintGenerateInDDL>
</FKIndexAssociation>