<?xml version = '1.0' encoding = 'UTF-8'?>
<Entity class="oracle.dbtools.crest.model.design.logical.Entity" directorySegmentName="seg_0" id="2263D87C-2E61-95D4-BAA8-FC344BD94256" name="Proj_Project">
<createdBy>Dirty Jesse</createdBy>
<createdTime>2016-03-28 23:47:07 UTC</createdTime>
<ownerDesignName>Project_Logical_Model</ownerDesignName>
<engineerTo>
<item key="E1BDE5FF-C12A-0160-122F-B544A903F624" value="true"/>
</engineerTo>
<adequatelyNormalized>NO</adequatelyNormalized>
<expectedVolumes>0</expectedVolumes>
<fwdEngineeringStrategyName>Single Table</fwdEngineeringStrategyName>
<growthPercent>0</growthPercent>
<growthType>Year</growthType>
<maxVolumes>9999999</maxVolumes>
<minVolumes>0</minVolumes>
<normalForm>Third</normalForm>
<attributes itemClass="oracle.dbtools.crest.model.design.logical.Attribute">
<Attribute name="project_no" id="5C371376-BF3B-5161-3E60-3998C1B3BFE4">
<createdBy>Dirty Jesse</createdBy>
<createdTime>2016-03-28 23:47:07 UTC</createdTime>
<ownerDesignName>Project_Logical_Model</ownerDesignName>
<importedID>9AA49C30-3DB0-B6B8-1E21-B819BE05A589</importedID>
<engineerTo>
<item key="E1BDE5FF-C12A-0160-122F-B544A903F624" value="true"/>
</engineerTo>
<useDomainConstraints>false</useDomainConstraints>
<use>1</use>
<logicalDatatype>LOGDT011</logicalDatatype>
<ownDataTypeParameters>,,</ownDataTypeParameters>
</Attribute>
<Attribute name="project_title" id="58472E2A-3038-0E4B-DB4E-8F593F3D19D1">
<createdBy>Dirty Jesse</createdBy>
<createdTime>2016-03-28 23:47:07 UTC</createdTime>
<ownerDesignName>Project_Logical_Model</ownerDesignName>
<importedID>9E5AE6E9-AE43-9A60-2513-CC0647C6B421</importedID>
<engineerTo>
<item key="E1BDE5FF-C12A-0160-122F-B544A903F624" value="true"/>
</engineerTo>
<useDomainConstraints>false</useDomainConstraints>
<use>1</use>
<logicalDatatype>LOGDT024</logicalDatatype>
<dataTypeSize>20 CHAR</dataTypeSize>
<ownDataTypeParameters>20 CHAR,,</ownDataTypeParameters>
</Attribute>
<Attribute name="project_active" id="2742F7EE-CD29-9F9D-99DB-52C412AAF623">
<createdBy>Dirty Jesse</createdBy>
<createdTime>2016-03-29 00:02:22 UTC</createdTime>
<ownerDesignName>Project_Logical_Model</ownerDesignName>
<engineerTo>
<item key="E1BDE5FF-C12A-0160-122F-B544A903F624" value="true"/>
</engineerTo>
<useDomainConstraints>false</useDomainConstraints>
<use>1</use>
<logicalDatatype>LOGDT006</logicalDatatype>
<dataTypeSize>1</dataTypeSize>
<ownDataTypeParameters>1,,</ownDataTypeParameters>
</Attribute>
<Attribute name="end_date" id="0FC69FC1-9343-6E30-640A-CF3DD62457E7">
<createdBy>Dirty Jesse</createdBy>
<createdTime>2016-03-29 00:02:38 UTC</createdTime>
<ownerDesignName>Project_Logical_Model</ownerDesignName>
<engineerTo>
<item key="E1BDE5FF-C12A-0160-122F-B544A903F624" value="true"/>
</engineerTo>
<nullsAllowed>true</nullsAllowed>
<useDomainConstraints>false</useDomainConstraints>
<use>1</use>
<logicalDatatype>LOGDT007</logicalDatatype>
<ownDataTypeParameters>,,</ownDataTypeParameters>
</Attribute>
<Attribute name="est_person_hours" id="39C8C21F-2AC0-6C96-C0C5-69B3FB6FD4A6">
<createdBy>Dirty Jesse</createdBy>
<createdTime>2016-03-29 00:02:55 UTC</createdTime>
<ownerDesignName>Project_Logical_Model</ownerDesignName>
<engineerTo>
<item key="E1BDE5FF-C12A-0160-122F-B544A903F624" value="true"/>
</engineerTo>
<nullsAllowed>true</nullsAllowed>
<useDomainConstraints>false</useDomainConstraints>
<use>1</use>
<logicalDatatype>LOGDT011</logicalDatatype>
<ownDataTypeParameters>,,</ownDataTypeParameters>
</Attribute>
<Attribute name="project_no1" id="BC1EF10C-F3A4-A74E-DE58-A05DCFB29D53">
<createdBy>Dirty Jesse</createdBy>
<createdTime>2016-03-29 00:05:48 UTC</createdTime>
<generatorID>FAB465F8-7AA7-DF14-0894-EC38B8F2393A</generatorID>
<ownerDesignName>Project_Logical_Model</ownerDesignName>
<engineerTo>
<item key="E1BDE5FF-C12A-0160-122F-B544A903F624" value="true"/>
</engineerTo>
<nullsAllowed>true</nullsAllowed>
<referedAttribute>5C371376-BF3B-5161-3E60-3998C1B3BFE4</referedAttribute>
<useDomainConstraints>false</useDomainConstraints>
<use>1</use>
<logicalDatatype>LOGDT011</logicalDatatype>
<ownDataTypeParameters>,,</ownDataTypeParameters>
</Attribute>
<Attribute name="person_id1" id="8B600465-3156-1B39-9F00-5FB28114FAAE">
<createdBy>Dirty Jesse</createdBy>
<createdTime>2016-03-29 00:11:43 UTC</createdTime>
<generatorID>656DF137-5DCD-747A-A340-EC9D17AE0CCF</generatorID>
<ownerDesignName>Project_Logical_Model</ownerDesignName>
<engineerTo>
<item key="E1BDE5FF-C12A-0160-122F-B544A903F624" value="true"/>
</engineerTo>
<referedAttribute>5080417C-A62A-9350-5478-7DDB4BD6F0F5</referedAttribute>
<useDomainConstraints>false</useDomainConstraints>
<use>1</use>
<logicalDatatype>LOGDT011</logicalDatatype>
<ownDataTypeParameters>,,</ownDataTypeParameters>
</Attribute>
<Attribute name="type" id="0DB7893F-7F87-3973-C282-C40CD8812993">
<createdBy>Dirty Jesse</createdBy>
<createdTime>2016-03-30 02:47:54 UTC</createdTime>
<ownerDesignName>Project_Logical_Model</ownerDesignName>
<engineerTo>
<item key="E1BDE5FF-C12A-0160-122F-B544A903F624" value="true"/>
</engineerTo>
<nullsAllowed>true</nullsAllowed>
<useDomainConstraints>false</useDomainConstraints>
<use>1</use>
<logicalDatatype>LOGDT024</logicalDatatype>
<dataTypeSize>255</dataTypeSize>
<ownDataTypeParameters>255,,</ownDataTypeParameters>
</Attribute>
<Attribute name="dept_no" id="BE88950A-FEB5-CA16-F99E-6DB01848A686">
<createdBy>Dirty Jesse</createdBy>
<createdTime>2016-03-30 03:01:21 UTC</createdTime>
<generatorID>52B12725-970E-E767-A6E3-0D0D7B72C6D6</generatorID>
<ownerDesignName>Project_Logical_Model</ownerDesignName>
<engineerTo>
<item key="E1BDE5FF-C12A-0160-122F-B544A903F624" value="true"/>
</engineerTo>
<nullsAllowed>true</nullsAllowed>
<referedAttribute>9531DB33-3B6D-3852-E017-F4B2F0018A3F</referedAttribute>
<useDomainConstraints>false</useDomainConstraints>
<use>1</use>
<logicalDatatype>LOGDT011</logicalDatatype>
<ownDataTypeParameters>,,</ownDataTypeParameters>
</Attribute>
</attributes>
<identifiers itemClass="oracle.dbtools.crest.model.design.logical.CandidateKey">
<identifier id="B1F088E1-3953-0614-C189-BE819CBF1C47" name="S16_Project PK">
<createdBy>Dirty Jesse</createdBy>
<createdTime>2016-03-28 23:47:07 UTC</createdTime>
<ownerDesignName>Project_Logical_Model</ownerDesignName>
<shouldEngineer>false</shouldEngineer>
<engineerTo>
<item key="E1BDE5FF-C12A-0160-122F-B544A903F624" value="false"/>
</engineerTo>
<pk>true</pk>
<usedAttributes>
<attributeRef>5C371376-BF3B-5161-3E60-3998C1B3BFE4</attributeRef>
</usedAttributes>
</identifier>
</identifiers>
</Entity>