<?xml version = '1.0' encoding = 'UTF-8'?>
<Diagram class="oracle.dbtools.crest.swingui.logical.DPVLogical" name="Logical" id="7C3EE7F1-FB47-CFE6-7501-D3351E6AA98B">
<createdBy>Dirty Jesse</createdBy>
<modifiedBy>Dirty Jesse</modifiedBy>
<createdTime>2016-03-28 23:45:16 UTC</createdTime>
<autoRoute>false</autoRoute>
<boxInbox>true</boxInbox>
<showLegend>false</showLegend>
<showLabels>false</showLabels>
<showRelAttributes>false</showRelAttributes>
<gridEnabled>false</gridEnabled>
<showGrid>false</showGrid>
<diagramColor>-1</diagramColor>
<display>false</display>
<notation>2</notation>
<objectViews>
<OView class="oracle.dbtools.crest.swingui.logical.TVEntity" oid="038417A7-1660-8A94-DFAF-23BA3E74CC2A" otype="Entity" vid="A3FC6D71-C2AA-3C00-AB9A-0C3DF7960BE3">
<hideElementsInCurrentOnly>false</hideElementsInCurrentOnly>
<bounds x="22" y="100" width="260" height="96"/>
</OView>
<OView class="oracle.dbtools.crest.swingui.logical.TVEntity" oid="14CAAD3B-F067-D1E2-9942-19786D294931" otype="Entity" vid="356E8D85-695C-0DCE-BE11-5CB71B94F128">
<hideElementsInCurrentOnly>false</hideElementsInCurrentOnly>
<bounds x="348" y="50" width="223" height="318"/>
</OView>
<OView class="oracle.dbtools.crest.swingui.logical.TVEntity" oid="2263D87C-2E61-95D4-BAA8-FC344BD94256" otype="Entity" vid="C41E5BAE-544B-4143-820D-796E510FB896">
<hideElementsInCurrentOnly>false</hideElementsInCurrentOnly>
<bounds x="702" y="245" width="220" height="262"/>
</OView>
<OView class="oracle.dbtools.crest.swingui.logical.TVEntity" oid="B4299C12-395E-5E4A-C34D-5888FF2C0C47" otype="Entity" vid="DA9C19EE-76DF-59A4-2273-EC59E06F7D9A">
<hideElementsInCurrentOnly>false</hideElementsInCurrentOnly>
<bounds x="363" y="425" width="170" height="110"/>
</OView>
</objectViews>
<connectors>
<Connector class="oracle.dbtools.crest.swingui.logical.TVRelation" oid="1DD48A7A-F9B5-1705-3C95-6905C8AABD36" otype="Relation" vid_source="DA9C19EE-76DF-59A4-2273-EC59E06F7D9A" vid_target="356E8D85-695C-0DCE-BE11-5CB71B94F128">
<hideElementsInCurrentOnly>false</hideElementsInCurrentOnly>
<lineWidth>1</lineWidth>
<points>
<point x="448" y="425"/>
<point x="448" y="368"/>
</points>
</Connector>
<Connector class="oracle.dbtools.crest.swingui.logical.TVRelation" oid="402BA49F-12C8-BD53-7396-01317E08ACC8" otype="Relation" vid_source="C41E5BAE-544B-4143-820D-796E510FB896" vid_target="C41E5BAE-544B-4143-820D-796E510FB896">
<hideElementsInCurrentOnly>false</hideElementsInCurrentOnly>
<lineWidth>1</lineWidth>
<points>
<point x="825" y="245"/>
<point x="825" y="213"/>
<point x="851" y="214"/>
<point x="881" y="214"/>
<point x="881" y="245"/>
</points>
</Connector>
<Connector class="oracle.dbtools.crest.swingui.logical.TVRelation" oid="52B12725-970E-E767-A6E3-0D0D7B72C6D6" otype="Relation" vid_source="DA9C19EE-76DF-59A4-2273-EC59E06F7D9A" vid_target="C41E5BAE-544B-4143-820D-796E510FB896">
<hideElementsInCurrentOnly>false</hideElementsInCurrentOnly>
<lineWidth>1</lineWidth>
<points>
<point x="533" y="476"/>
<point x="702" y="476"/>
</points>
</Connector>
<Connector class="oracle.dbtools.crest.swingui.logical.TVRelation" oid="5E07502B-1AEA-E35F-BB60-89F3A8D84E6C" otype="Relation" vid_source="356E8D85-695C-0DCE-BE11-5CB71B94F128" vid_target="356E8D85-695C-0DCE-BE11-5CB71B94F128">
<hideElementsInCurrentOnly>false</hideElementsInCurrentOnly>
<lineWidth>1</lineWidth>
<points>
<point x="348" y="253"/>
<point x="275" y="253"/>
<point x="276" y="236"/>
<point x="276" y="205"/>
<point x="348" y="205"/>
</points>
</Connector>
<Connector class="oracle.dbtools.crest.swingui.logical.TVRelation" oid="656DF137-5DCD-747A-A340-EC9D17AE0CCF" otype="Relation" vid_source="356E8D85-695C-0DCE-BE11-5CB71B94F128" vid_target="C41E5BAE-544B-4143-820D-796E510FB896">
<hideElementsInCurrentOnly>false</hideElementsInCurrentOnly>
<lineWidth>1</lineWidth>
<points>
<point x="571" y="296"/>
<point x="702" y="296"/>
</points>
</Connector>
<Connector class="oracle.dbtools.crest.swingui.logical.TVRelation" oid="69D46D9A-1C0C-516D-1A18-0079A15BCD11" otype="Relation" vid_source="356E8D85-695C-0DCE-BE11-5CB71B94F128" vid_target="356E8D85-695C-0DCE-BE11-5CB71B94F128">
<hideElementsInCurrentOnly>false</hideElementsInCurrentOnly>
<lineWidth>1</lineWidth>
<points>
<point x="571" y="125"/>
<point x="629" y="125"/>
<point x="629" y="95"/>
<point x="628" y="67"/>
<point x="571" y="67"/>
</points>
</Connector>
<Connector class="oracle.dbtools.crest.swingui.logical.TVRelation" oid="7B2FCAB1-05FA-3BAB-97C7-51924A0940BD" otype="Relation" vid_source="356E8D85-695C-0DCE-BE11-5CB71B94F128" vid_target="DA9C19EE-76DF-59A4-2273-EC59E06F7D9A">
<hideElementsInCurrentOnly>false</hideElementsInCurrentOnly>
<lineWidth>1</lineWidth>
<points>
<point x="438" y="368"/>
<point x="438" y="425"/>
</points>
</Connector>
<Connector class="oracle.dbtools.crest.swingui.logical.TVRelation" oid="9F6F9CC6-A677-5AF5-02E5-4860653A857F" otype="Relation" vid_source="C41E5BAE-544B-4143-820D-796E510FB896" vid_target="DA9C19EE-76DF-59A4-2273-EC59E06F7D9A">
<hideElementsInCurrentOnly>false</hideElementsInCurrentOnly>
<lineWidth>1</lineWidth>
<points>
<point x="702" y="486"/>
<point x="533" y="486"/>
</points>
</Connector>
<Connector class="oracle.dbtools.crest.swingui.logical.TVRelation" oid="9FBAC5DC-2A51-AECF-6C45-5806136087D5" otype="Relation" vid_source="356E8D85-695C-0DCE-BE11-5CB71B94F128" vid_target="C41E5BAE-544B-4143-820D-796E510FB896">
<hideElementsInCurrentOnly>false</hideElementsInCurrentOnly>
<lineWidth>1</lineWidth>
<points>
<point x="571" y="326"/>
<point x="702" y="326"/>
</points>
</Connector>
<Connector class="oracle.dbtools.crest.swingui.logical.TVRelation" oid="AB7771DE-2809-9A0B-F619-39AE6146DC35" otype="Relation" vid_source="C41E5BAE-544B-4143-820D-796E510FB896" vid_target="356E8D85-695C-0DCE-BE11-5CB71B94F128">
<hideElementsInCurrentOnly>false</hideElementsInCurrentOnly>
<lineWidth>1</lineWidth>
<points>
<point x="702" y="306"/>
<point x="571" y="306"/>
</points>
</Connector>
<Connector class="oracle.dbtools.crest.swingui.logical.TVRelation" oid="C9A066FB-3F42-6C86-4436-6DADE93CD8C5" otype="Relation" vid_source="C41E5BAE-544B-4143-820D-796E510FB896" vid_target="356E8D85-695C-0DCE-BE11-5CB71B94F128">
<hideElementsInCurrentOnly>false</hideElementsInCurrentOnly>
<lineWidth>1</lineWidth>
<points>
<point x="702" y="316"/>
<point x="571" y="316"/>
</points>
</Connector>
<Connector class="oracle.dbtools.crest.swingui.logical.TVRelation" oid="D72A1707-783E-0752-EC26-79D7CDF0B37B" otype="Relation" vid_source="356E8D85-695C-0DCE-BE11-5CB71B94F128" vid_target="356E8D85-695C-0DCE-BE11-5CB71B94F128">
<hideElementsInCurrentOnly>false</hideElementsInCurrentOnly>
<lineWidth>1</lineWidth>
<points>
<point x="537" y="50"/>
<point x="537" y="9"/>
<point x="499" y="9"/>
<point x="454" y="8"/>
<point x="454" y="50"/>
</points>
</Connector>
<Connector class="oracle.dbtools.crest.swingui.logical.TVRelation" oid="E54DEA33-3965-9289-6B10-2412C12DD8FE" otype="Relation" vid_source="356E8D85-695C-0DCE-BE11-5CB71B94F128" vid_target="A3FC6D71-C2AA-3C00-AB9A-0C3DF7960BE3">
<hideElementsInCurrentOnly>false</hideElementsInCurrentOnly>
<lineWidth>1</lineWidth>
<points>
<point x="348" y="148"/>
<point x="282" y="148"/>
</points>
</Connector>
<Connector class="oracle.dbtools.crest.swingui.logical.TVRelation" oid="E8E2000B-CE18-6B7B-0AD1-B090B76BB612" otype="Relation" vid_source="356E8D85-695C-0DCE-BE11-5CB71B94F128" vid_target="A3FC6D71-C2AA-3C00-AB9A-0C3DF7960BE3">
<hideElementsInCurrentOnly>false</hideElementsInCurrentOnly>
<lineWidth>1</lineWidth>
<points>
<point x="348" y="158"/>
<point x="282" y="158"/>
</points>
</Connector>
<Connector class="oracle.dbtools.crest.swingui.logical.TVRelation" oid="FAB465F8-7AA7-DF14-0894-EC38B8F2393A" otype="Relation" vid_source="C41E5BAE-544B-4143-820D-796E510FB896" vid_target="C41E5BAE-544B-4143-820D-796E510FB896">
<hideElementsInCurrentOnly>false</hideElementsInCurrentOnly>
<lineWidth>1</lineWidth>
<points>
<point x="727" y="245"/>
<point x="727" y="216"/>
<point x="756" y="215"/>
<point x="782" y="215"/>
<point x="782" y="245"/>
</points>
</Connector>
</connectors>
</Diagram>