<?xml version = '1.0' encoding = 'UTF-8'?>
<Table class="oracle.dbtools.crest.model.design.relational.Table" directorySegmentName="seg_0" id="534903A5-C386-D91A-5C14-B1DC2FFD4EE7" name="S16_Proj_Emps">
<createdBy>Dirty Jesse</createdBy>
<createdTime>2016-03-30 20:35:27 UTC</createdTime>
<generatorID>68FF157B-6D1D-0A07-DF4A-19EBA59F3F58</generatorID>
<ownerDesignName>Project_Logical_Model</ownerDesignName>
<allowColumnReorder>false</allowColumnReorder>
<existDependencyGenerateInDDl>true</existDependencyGenerateInDDl>
<parsed>true</parsed>
<columns itemClass="oracle.dbtools.crest.model.design.relational.Column">
<Column name="proj_emp_id" id="043DD38B-9168-E3BD-5D30-D8324B283153">
<createdBy>Dirty Jesse</createdBy>
<createdTime>2016-03-30 20:35:27 UTC</createdTime>
<generatorID>3C4115C7-495A-76E0-F81D-9E90EEB23A33</generatorID>
<ownerDesignName>Project_Logical_Model</ownerDesignName>
<nullsAllowed>true</nullsAllowed>
<use>0</use>
<ownDataTypeParameters>,,</ownDataTypeParameters>
<autoIncrementCycle>false</autoIncrementCycle>
</Column>
<Column name="S16_Project_project_no" id="CC55BBA0-1848-C10F-0E6B-960388EA977B">
<createdBy>Dirty Jesse</createdBy>
<createdTime>2016-03-30 20:35:27 UTC</createdTime>
<generatorID>085E38EB-6212-92DC-B472-251C4BD8C27F</generatorID>
<ownerDesignName>Project_Logical_Model</ownerDesignName>
<useDomainConstraints>false</useDomainConstraints>
<use>1</use>
<logicalDatatype>LOGDT011</logicalDatatype>
<ownDataTypeParameters>,,</ownDataTypeParameters>
<previousColumn>false</previousColumn>
<autoIncrementCycle>false</autoIncrementCycle>
<associations>
<colAssociation fkAssociation="FD6CAF62-D16A-CEA4-5628-2CA4863E6BFE" referredColumn="3F8FCBA7-5687-48C8-CDDB-3097D18CCFB5"/>
</associations>
</Column>
<Column name="S16_Person_person_id" id="564270C0-03DD-D1FE-789C-96FAB9BE6DD0">
<createdBy>Dirty Jesse</createdBy>
<createdTime>2016-03-30 20:35:27 UTC</createdTime>
<generatorID>77F5A4CD-974E-4D81-63F7-2BAC6999B015</generatorID>
<ownerDesignName>Project_Logical_Model</ownerDesignName>
<useDomainConstraints>false</useDomainConstraints>
<use>1</use>
<logicalDatatype>LOGDT011</logicalDatatype>
<ownDataTypeParameters>,,</ownDataTypeParameters>
<previousColumn>false</previousColumn>
<autoIncrementCycle>false</autoIncrementCycle>
<associations>
<colAssociation fkAssociation="38DD19D9-AB5E-3374-8645-21EDD80887FA" referredColumn="66811F8C-3BE8-3F1F-A2D7-56195B21F53D"/>
</associations>
</Column>
</columns>
<indexes itemClass="oracle.dbtools.crest.model.design.relational.Index">
<ind_PK_UK id="8AD446B8-0274-B72D-FCFE-C822C3FD592E" name="S16_Proj_Emps_S16_Person_FK">
<createdBy>Dirty Jesse</createdBy>
<createdTime>2016-03-30 20:35:27 UTC</createdTime>
<generatorID>C9E71FA2-21AA-6792-D113-B9C3289B2FC2</generatorID>
<ownerDesignName>Project_Logical_Model</ownerDesignName>
<indexState>Foreign Key</indexState>
<isSurrogateKey>false</isSurrogateKey>
<indexColumnUsage>
<colUsage columnID="564270C0-03DD-D1FE-789C-96FAB9BE6DD0"/>
</indexColumnUsage>
</ind_PK_UK>
<ind_PK_UK id="C45757A2-4445-1CEA-0B0E-AEC98538512E" name="S16_Proj_Emps_S16_Project_FK">
<createdBy>Dirty Jesse</createdBy>
<createdTime>2016-03-30 20:35:27 UTC</createdTime>
<generatorID>CBF5EB82-8A28-2267-380C-3BC3479A9A87</generatorID>
<ownerDesignName>Project_Logical_Model</ownerDesignName>
<indexState>Foreign Key</indexState>
<isSurrogateKey>false</isSurrogateKey>
<indexColumnUsage>
<colUsage columnID="CC55BBA0-1848-C10F-0E6B-960388EA977B"/>
</indexColumnUsage>
</ind_PK_UK>
</indexes>
</Table>