<?xml version = '1.0' encoding = 'UTF-8'?>
<Diagram class="oracle.dbtools.crest.swingui.logical.DPVLogical" name="Logical" id="47B30469-A65C-352A-8082-BF373005899D">
<createdBy>Dirty Jesse</createdBy>
<modifiedBy>Dirty Jesse</modifiedBy>
<createdTime>2016-03-28 20:03:56 UTC</createdTime>
<autoRoute>false</autoRoute>
<boxInbox>false</boxInbox>
<showLegend>false</showLegend>
<showLabels>false</showLabels>
<showRelAttributes>false</showRelAttributes>
<gridEnabled>false</gridEnabled>
<showGrid>false</showGrid>
<diagramColor>-1</diagramColor>
<display>false</display>
<notation>2</notation>
<objectViews>
<OView class="oracle.dbtools.crest.swingui.logical.TVEntity" oid="0DC02A7C-0B74-29E7-948E-1055369D3AB7" otype="Entity" vid="6D8F9191-FA84-5D27-9DFB-DF8E4F2C147C">
<hideElementsInCurrentOnly>false</hideElementsInCurrentOnly>
<bounds x="650" y="403" width="170" height="110"/>
</OView>
<OView class="oracle.dbtools.crest.swingui.logical.TVEntity" oid="3FFFE160-6CDB-FB99-4735-7B9B0D935F74" otype="Entity" vid="B2DC8732-20E1-EF83-ADF6-893468A9081D">
<hideElementsInCurrentOnly>false</hideElementsInCurrentOnly>
<bounds x="271" y="0" width="170" height="156"/>
</OView>
<OView class="oracle.dbtools.crest.swingui.logical.TVEntity" oid="43DFABB9-C159-E1A8-6033-EE304203478A" otype="Entity" vid="736FA60B-1AE7-A4AC-13E3-B16C028658D0">
<hideElementsInCurrentOnly>false</hideElementsInCurrentOnly>
<bounds x="222" y="302" width="170" height="114"/>
</OView>
<OView class="oracle.dbtools.crest.swingui.TVNote" oid="4E87F101-DB2D-307E-F8A4-3BEF0A0854ED" otype="Note" vid="87B87EE5-976E-C0F4-EF8B-E2B7365FF9E2">
<hideElementsInCurrentOnly>false</hideElementsInCurrentOnly>
<bounds x="12" y="456" width="120" height="68"/>
<comment>S16_Interim_Manager is also a subclass of S16_Project_Employee</comment>
</OView>
<OView class="oracle.dbtools.crest.swingui.logical.TVEntity" oid="54040635-4205-34B2-36EC-2F260C854DA2" otype="Entity" vid="9B3A8867-EE5D-9C27-B57B-C89D4CF15B8E">
<hideElementsInCurrentOnly>false</hideElementsInCurrentOnly>
<bounds x="764" y="239" width="170" height="148"/>
</OView>
<OView class="oracle.dbtools.crest.swingui.logical.TVEntity" oid="651FDB20-9FB9-4C0A-47BA-B6C5AB8D39C4" otype="Entity" vid="75B36B63-A5DF-8789-E8EC-8CD63BDC225B">
<hideElementsInCurrentOnly>false</hideElementsInCurrentOnly>
<bounds x="360" y="167" width="170" height="110"/>
</OView>
<OView class="oracle.dbtools.crest.swingui.logical.TVEntity" oid="6C412EE5-AA9A-ABA1-FA51-D3D50389A403" otype="Entity" vid="471487BC-03BE-1E12-5EEB-C536308F5CE4">
<hideElementsInCurrentOnly>false</hideElementsInCurrentOnly>
<bounds x="544" y="220" width="170" height="110"/>
</OView>
<OView class="oracle.dbtools.crest.swingui.logical.TVEntity" oid="84037DB5-5D06-4D9F-203B-8EF577E05603" otype="Entity" vid="A860DEAE-F914-87C9-B9A4-D5EBEF420F7B">
<hideElementsInCurrentOnly>false</hideElementsInCurrentOnly>
<bounds x="140" y="465" width="170" height="110"/>
</OView>
<OView class="oracle.dbtools.crest.swingui.logical.TVEntity" oid="9AD4E056-5F62-3500-ACA9-E3E7026F4BD8" otype="Entity" vid="5D03A7A0-4283-E416-3F87-3C1CB353FF78">
<hideElementsInCurrentOnly>false</hideElementsInCurrentOnly>
<bounds x="140" y="166" width="170" height="110"/>
</OView>
<OView class="oracle.dbtools.crest.swingui.logical.TVEntity" oid="B5CF785C-ABA4-C631-61E6-D1547D3535E3" otype="Entity" vid="442177A3-122A-FA56-72B5-21B01C6F45E5">
<hideElementsInCurrentOnly>false</hideElementsInCurrentOnly>
<bounds x="329" y="466" width="170" height="110"/>
</OView>
<OView class="oracle.dbtools.crest.swingui.logical.TVEntity" oid="DDE1BE6E-ED55-AB8A-3F78-A304EE1A32BE" otype="Entity" vid="308F8904-05A3-B6C7-E70B-8F0CEC153DE1">
<hideElementsInCurrentOnly>false</hideElementsInCurrentOnly>
<bounds x="836" y="425" width="170" height="110"/>
</OView>
<OView class="oracle.dbtools.crest.swingui.logical.TVEntity" oid="FDA6DA38-F60D-EBAD-617A-FEB8D247833A" otype="Entity" vid="7E2B7073-136C-10AB-3C03-C58A9F1AE394">
<hideElementsInCurrentOnly>false</hideElementsInCurrentOnly>
<bounds x="24" y="334" width="170" height="110"/>
</OView>
</objectViews>
<connectors>
<Connector class="oracle.dbtools.crest.swingui.logical.TVRelation" oid="0CE86D63-AE13-96EC-F0AD-DA2EFB2EB704" otype="Relation" vid_source="B2DC8732-20E1-EF83-ADF6-893468A9081D" vid_target="B2DC8732-20E1-EF83-ADF6-893468A9081D">
<hideElementsInCurrentOnly>false</hideElementsInCurrentOnly>
<lineWidth>1</lineWidth>
<points>
<point x="441" y="74"/>
<point x="541" y="74"/>
<point x="542" y="52"/>
<point x="542" y="26"/>
<point x="441" y="26"/>
</points>
</Connector>
<Connector class="oracle.dbtools.crest.swingui.logical.TVRelation" oid="14550E9B-DF1A-D8BA-F78B-39656E8663B9" otype="Relation" vid_source="471487BC-03BE-1E12-5EEB-C536308F5CE4" vid_target="736FA60B-1AE7-A4AC-13E3-B16C028658D0">
<hideElementsInCurrentOnly>false</hideElementsInCurrentOnly>
<lineWidth>1</lineWidth>
<points>
<point x="544" y="316"/>
<point x="392" y="316"/>
</points>
</Connector>
<Connector class="oracle.dbtools.crest.swingui.logical.TVInheritanceRelation" oid="2F467423-D1F1-57B9-3141-043D215E84D2" otype="Hierarchy relation" vid_source="5D03A7A0-4283-E416-3F87-3C1CB353FF78" vid_target="736FA60B-1AE7-A4AC-13E3-B16C028658D0">
<hideElementsInCurrentOnly>false</hideElementsInCurrentOnly>
<lineWidth>1</lineWidth>
<points>
<point x="256" y="276"/>
<point x="256" y="302"/>
</points>
</Connector>
<Connector class="oracle.dbtools.crest.swingui.logical.TVRelation" oid="3E400E6A-F04D-06C0-C86A-B6060FD02066" otype="Relation" vid_source="471487BC-03BE-1E12-5EEB-C536308F5CE4" vid_target="9B3A8867-EE5D-9C27-B57B-C89D4CF15B8E">
<hideElementsInCurrentOnly>false</hideElementsInCurrentOnly>
<lineWidth>1</lineWidth>
<points>
<point x="714" y="284"/>
<point x="764" y="284"/>
</points>
</Connector>
<Connector class="oracle.dbtools.crest.swingui.logical.TVRelation" oid="3F6D7F9D-326E-3807-E788-21D7C389257A" otype="Relation" vid_source="9B3A8867-EE5D-9C27-B57B-C89D4CF15B8E" vid_target="9B3A8867-EE5D-9C27-B57B-C89D4CF15B8E">
<hideElementsInCurrentOnly>false</hideElementsInCurrentOnly>
<lineWidth>1</lineWidth>
<points>
<point x="882" y="239"/>
<point x="882" y="209"/>
<point x="881" y="183"/>
<point x="840" y="182"/>
<point x="840" y="239"/>
</points>
</Connector>
<Connector class="oracle.dbtools.crest.swingui.logical.TVInheritanceRelation" oid="495B4994-8EF0-4902-E889-FA8EFBD7AF18" otype="Hierarchy relation" vid_source="B2DC8732-20E1-EF83-ADF6-893468A9081D" vid_target="75B36B63-A5DF-8789-E8EC-8CD63BDC225B">
<hideElementsInCurrentOnly>false</hideElementsInCurrentOnly>
<lineWidth>1</lineWidth>
<points>
<point x="400" y="156"/>
<point x="400" y="167"/>
</points>
</Connector>
<Connector class="oracle.dbtools.crest.swingui.logical.TVRelation" oid="4F86F3D2-1A91-2E5A-5646-11E280808A06" otype="Relation" vid_source="9B3A8867-EE5D-9C27-B57B-C89D4CF15B8E" vid_target="9B3A8867-EE5D-9C27-B57B-C89D4CF15B8E">
<hideElementsInCurrentOnly>false</hideElementsInCurrentOnly>
<lineWidth>1</lineWidth>
<points>
<point x="934" y="294"/>
<point x="959" y="294"/>
<point x="959" y="281"/>
<point x="959" y="263"/>
<point x="934" y="263"/>
</points>
</Connector>
<Connector class="oracle.dbtools.crest.swingui.logical.TVRelation" oid="51CA3CC9-F258-28ED-5BF5-4660DD52647A" otype="Relation" vid_source="736FA60B-1AE7-A4AC-13E3-B16C028658D0" vid_target="471487BC-03BE-1E12-5EEB-C536308F5CE4">
<hideElementsInCurrentOnly>false</hideElementsInCurrentOnly>
<lineWidth>1</lineWidth>
<points>
<point x="392" y="326"/>
<point x="544" y="326"/>
</points>
</Connector>
<Connector class="oracle.dbtools.crest.swingui.logical.TVRelation" oid="5265DF4D-1506-6FC7-6C53-D878C04DA962" otype="Relation" vid_source="9B3A8867-EE5D-9C27-B57B-C89D4CF15B8E" vid_target="471487BC-03BE-1E12-5EEB-C536308F5CE4">
<hideElementsInCurrentOnly>false</hideElementsInCurrentOnly>
<lineWidth>1</lineWidth>
<points>
<point x="764" y="294"/>
<point x="714" y="294"/>
</points>
</Connector>
<Connector class="oracle.dbtools.crest.swingui.logical.TVRelation" oid="5EDD5175-DB06-9BF9-82CC-9DE01EA95072" otype="Relation" vid_source="5D03A7A0-4283-E416-3F87-3C1CB353FF78" vid_target="736FA60B-1AE7-A4AC-13E3-B16C028658D0">
<hideElementsInCurrentOnly>false</hideElementsInCurrentOnly>
<lineWidth>1</lineWidth>
<points>
<point x="276" y="276"/>
<point x="276" y="302"/>
</points>
</Connector>
<Connector class="oracle.dbtools.crest.swingui.logical.TVRelation" oid="6815AA39-72E5-B4FF-3A45-6B45CAE2DEC9" otype="Relation" vid_source="B2DC8732-20E1-EF83-ADF6-893468A9081D" vid_target="B2DC8732-20E1-EF83-ADF6-893468A9081D">
<hideElementsInCurrentOnly>false</hideElementsInCurrentOnly>
<lineWidth>1</lineWidth>
<points>
<point x="441" y="102"/>
<point x="538" y="102"/>
<point x="536" y="138"/>
<point x="453" y="138"/>
<point x="441" y="138"/>
</points>
</Connector>
<Connector class="oracle.dbtools.crest.swingui.logical.TVInheritanceRelation" oid="777D3672-131E-EBB6-971E-5F128293E3FB" otype="Hierarchy relation" vid_source="9B3A8867-EE5D-9C27-B57B-C89D4CF15B8E" vid_target="308F8904-05A3-B6C7-E70B-8F0CEC153DE1">
<hideElementsInCurrentOnly>false</hideElementsInCurrentOnly>
<lineWidth>1</lineWidth>
<points>
<point x="885" y="387"/>
<point x="885" y="425"/>
</points>
</Connector>
<Connector class="oracle.dbtools.crest.swingui.logical.TVRelation" oid="7E92472F-5659-0F6D-0ACE-0A2023B41C8A" otype="Relation" vid_source="736FA60B-1AE7-A4AC-13E3-B16C028658D0" vid_target="5D03A7A0-4283-E416-3F87-3C1CB353FF78">
<hideElementsInCurrentOnly>false</hideElementsInCurrentOnly>
<lineWidth>1</lineWidth>
<points>
<point x="266" y="302"/>
<point x="266" y="276"/>
</points>
</Connector>
<Connector class="oracle.dbtools.crest.swingui.logical.TVInheritanceRelation" oid="818EF33A-F4DD-29D4-1B63-93D47A1ADB09" otype="Hierarchy relation" vid_source="5D03A7A0-4283-E416-3F87-3C1CB353FF78" vid_target="7E2B7073-136C-10AB-3C03-C58A9F1AE394">
<hideElementsInCurrentOnly>false</hideElementsInCurrentOnly>
<lineWidth>1</lineWidth>
<points>
<point x="167" y="276"/>
<point x="167" y="334"/>
</points>
</Connector>
<Connector class="oracle.dbtools.crest.swingui.logical.TVRelation" oid="850B2ADC-60B0-C712-641B-2E344AE3BB1A" otype="Relation" vid_source="6D8F9191-FA84-5D27-9DFB-DF8E4F2C147C" vid_target="7E2B7073-136C-10AB-3C03-C58A9F1AE394">
<hideElementsInCurrentOnly>false</hideElementsInCurrentOnly>
<lineWidth>1</lineWidth>
<points>
<point x="650" y="423"/>
<point x="194" y="423"/>
</points>
</Connector>
<Connector class="oracle.dbtools.crest.swingui.logical.TVInheritanceRelation" oid="8C72337F-B8E7-C12D-CC8F-0CE9209581E2" otype="Hierarchy relation" vid_source="B2DC8732-20E1-EF83-ADF6-893468A9081D" vid_target="5D03A7A0-4283-E416-3F87-3C1CB353FF78">
<hideElementsInCurrentOnly>false</hideElementsInCurrentOnly>
<lineWidth>1</lineWidth>
<points>
<point x="290" y="156"/>
<point x="290" y="166"/>
</points>
</Connector>
<Connector class="oracle.dbtools.crest.swingui.logical.TVInheritanceRelation" oid="8D851D32-AA83-0002-820F-2DABC2935025" otype="Hierarchy relation" vid_source="9B3A8867-EE5D-9C27-B57B-C89D4CF15B8E" vid_target="6D8F9191-FA84-5D27-9DFB-DF8E4F2C147C">
<hideElementsInCurrentOnly>false</hideElementsInCurrentOnly>
<lineWidth>1</lineWidth>
<points>
<point x="792" y="387"/>
<point x="792" y="403"/>
</points>
</Connector>
<Connector class="oracle.dbtools.crest.swingui.logical.TVRelation" oid="995AF51F-7115-4A6B-96DB-5B98F6E2A4CA" otype="Relation" vid_source="9B3A8867-EE5D-9C27-B57B-C89D4CF15B8E" vid_target="736FA60B-1AE7-A4AC-13E3-B16C028658D0">
<hideElementsInCurrentOnly>false</hideElementsInCurrentOnly>
<lineWidth>1</lineWidth>
<points>
<point x="764" y="344"/>
<point x="392" y="344"/>
</points>
</Connector>
<Connector class="oracle.dbtools.crest.swingui.logical.TVInheritanceRelation" oid="99CCFE0A-ADAB-588B-0F6B-EA591A01C144" otype="Hierarchy relation" vid_source="736FA60B-1AE7-A4AC-13E3-B16C028658D0" vid_target="442177A3-122A-FA56-72B5-21B01C6F45E5">
<hideElementsInCurrentOnly>false</hideElementsInCurrentOnly>
<lineWidth>1</lineWidth>
<points>
<point x="360" y="416"/>
<point x="360" y="466"/>
</points>
</Connector>
<Connector class="oracle.dbtools.crest.swingui.logical.TVInheritanceRelation" oid="A3D46C89-44FA-AA73-80F0-5EA3676E529A" otype="Hierarchy relation" vid_source="736FA60B-1AE7-A4AC-13E3-B16C028658D0" vid_target="A860DEAE-F914-87C9-B9A4-D5EBEF420F7B">
<hideElementsInCurrentOnly>false</hideElementsInCurrentOnly>
<lineWidth>1</lineWidth>
<points>
<point x="266" y="416"/>
<point x="266" y="465"/>
</points>
</Connector>
<Connector class="oracle.dbtools.crest.swingui.logical.TVRelation" oid="DC06E651-0CBC-AA15-12DA-C4893109F44B" otype="Relation" vid_source="B2DC8732-20E1-EF83-ADF6-893468A9081D" vid_target="B2DC8732-20E1-EF83-ADF6-893468A9081D">
<hideElementsInCurrentOnly>false</hideElementsInCurrentOnly>
<lineWidth>1</lineWidth>
<points>
<point x="271" y="69"/>
<point x="268" y="69"/>
<point x="180" y="70"/>
<point x="178" y="121"/>
<point x="271" y="121"/>
</points>
</Connector>
<Connector class="oracle.dbtools.crest.swingui.logical.TVRelation" oid="E94F716A-EACF-ADC2-8B19-AF2C51905314" otype="Relation" vid_source="7E2B7073-136C-10AB-3C03-C58A9F1AE394" vid_target="6D8F9191-FA84-5D27-9DFB-DF8E4F2C147C">
<hideElementsInCurrentOnly>false</hideElementsInCurrentOnly>
<lineWidth>1</lineWidth>
<points>
<point x="194" y="433"/>
<point x="650" y="433"/>
</points>
</Connector>
<Connector class="oracle.dbtools.crest.swingui.logical.TVRelation" oid="F8F1B0FA-CCF0-0DD9-CD0D-E40E76078A67" otype="Relation" vid_source="736FA60B-1AE7-A4AC-13E3-B16C028658D0" vid_target="9B3A8867-EE5D-9C27-B57B-C89D4CF15B8E">
<hideElementsInCurrentOnly>false</hideElementsInCurrentOnly>
<lineWidth>1</lineWidth>
<points>
<point x="392" y="354"/>
<point x="764" y="354"/>
</points>
</Connector>
</connectors>
</Diagram>