<?xml version = '1.0' encoding = 'UTF-8'?>
<Table class="oracle.dbtools.crest.model.design.relational.Table" directorySegmentName="seg_0" id="710BB987-3130-DF78-810D-FCE74758300A" name="Proj_Dept">
<createdBy>Dirty Jesse</createdBy>
<createdTime>2016-04-20 22:55:03 UTC</createdTime>
<generatorID>B4299C12-395E-5E4A-C34D-5888FF2C0C47</generatorID>
<ownerDesignName>Project_Logical_Model</ownerDesignName>
<allowColumnReorder>false</allowColumnReorder>
<existDependencyGenerateInDDl>true</existDependencyGenerateInDDl>
<parsed>true</parsed>
<columns itemClass="oracle.dbtools.crest.model.design.relational.Column">
<Column name="dept_no" id="A27E9D60-3E77-C719-2B92-330C8440AD86">
<createdBy>Dirty Jesse</createdBy>
<createdTime>2016-04-20 22:55:03 UTC</createdTime>
<generatorID>9531DB33-3B6D-3852-E017-F4B2F0018A3F</generatorID>
<ownerDesignName>Project_Logical_Model</ownerDesignName>
<useDomainConstraints>false</useDomainConstraints>
<use>1</use>
<logicalDatatype>LOGDT011</logicalDatatype>
<ownDataTypeParameters>,,</ownDataTypeParameters>
<autoIncrementCycle>false</autoIncrementCycle>
</Column>
<Column name="dept_name" id="AB7A24E7-B7D5-99B8-1E65-F8C06EA14CD0">
<createdBy>Dirty Jesse</createdBy>
<createdTime>2016-04-20 22:55:03 UTC</createdTime>
<generatorID>9C3E006E-B646-7809-29B9-5C5312583560</generatorID>
<ownerDesignName>Project_Logical_Model</ownerDesignName>
<useDomainConstraints>false</useDomainConstraints>
<use>1</use>
<logicalDatatype>LOGDT024</logicalDatatype>
<dataTypeSize>20 CHAR</dataTypeSize>
<ownDataTypeParameters>20 CHAR,,</ownDataTypeParameters>
<autoIncrementCycle>false</autoIncrementCycle>
</Column>
</columns>
<indexes itemClass="oracle.dbtools.crest.model.design.relational.Index">
<ind_PK_UK id="37886167-7718-5129-ACD4-0C8FB33D2AA1" name="Proj_Dept_PK">
<createdBy>Dirty Jesse</createdBy>
<createdTime>2016-04-20 22:55:03 UTC</createdTime>
<generatorID>6529397A-DDCE-19AB-5EEC-09B887C31209</generatorID>
<ownerDesignName>Project_Logical_Model</ownerDesignName>
<pk>true</pk>
<indexState>Primary Constraint</indexState>
<isSurrogateKey>false</isSurrogateKey>
<indexColumnUsage>
<colUsage columnID="A27E9D60-3E77-C719-2B92-330C8440AD86"/>
</indexColumnUsage>
</ind_PK_UK>
</indexes>
</Table>