<?xml version = '1.0' encoding = 'UTF-8'?>
<Table class="oracle.dbtools.crest.model.design.relational.Table" directorySegmentName="seg_0" id="C3DDF3F6-6005-4084-5AFD-1889C012BC90" name="Proj_Par_Chil">
<createdBy>Dirty Jesse</createdBy>
<createdTime>2016-04-20 22:55:03 UTC</createdTime>
<generatorID>038417A7-1660-8A94-DFAF-23BA3E74CC2A</generatorID>
<ownerDesignName>Project_Logical_Model</ownerDesignName>
<allowColumnReorder>false</allowColumnReorder>
<existDependencyGenerateInDDl>true</existDependencyGenerateInDDl>
<parsed>true</parsed>
<columns itemClass="oracle.dbtools.crest.model.design.relational.Column">
<Column name="parents_children_id" id="38BAB363-1A9A-5D5E-F883-621F6F6BFADD">
<createdBy>Dirty Jesse</createdBy>
<createdTime>2016-04-20 22:55:03 UTC</createdTime>
<generatorID>AFF984B2-C47A-11DF-A4AE-CB216DEED432</generatorID>
<ownerDesignName>Project_Logical_Model</ownerDesignName>
<useDomainConstraints>false</useDomainConstraints>
<use>1</use>
<logicalDatatype>LOGDT011</logicalDatatype>
<ownDataTypeParameters>,,</ownDataTypeParameters>
<autoIncrementCycle>false</autoIncrementCycle>
</Column>
<Column name="Proj_Person_person_id" id="37297B4F-CF67-009D-EF02-0A6D49866DA0">
<createdBy>Dirty Jesse</createdBy>
<createdTime>2016-04-20 22:55:03 UTC</createdTime>
<generatorID>86B8355B-2B9D-3C7D-15D3-E054050099A7</generatorID>
<ownerDesignName>Project_Logical_Model</ownerDesignName>
<nullsAllowed>true</nullsAllowed>
<useDomainConstraints>false</useDomainConstraints>
<use>1</use>
<logicalDatatype>LOGDT011</logicalDatatype>
<ownDataTypeParameters>,,</ownDataTypeParameters>
<previousColumn>false</previousColumn>
<autoIncrementCycle>false</autoIncrementCycle>
<associations>
<colAssociation fkAssociation="9C36726B-5323-239A-944E-8F87F1ECBC9A" referredColumn="4F6A9884-B17B-9C8F-A0DC-DBCACB50E23B"/>
</associations>
</Column>
<Column name="Proj_Person_person_id2" id="D108FC1F-77A8-F6CC-5284-3C2D1A89D017">
<createdBy>Dirty Jesse</createdBy>
<createdTime>2016-04-20 22:55:03 UTC</createdTime>
<generatorID>47698B22-1EB6-41E9-1B2C-37B96EA94D4B</generatorID>
<ownerDesignName>Project_Logical_Model</ownerDesignName>
<nullsAllowed>true</nullsAllowed>
<useDomainConstraints>false</useDomainConstraints>
<use>1</use>
<logicalDatatype>LOGDT011</logicalDatatype>
<ownDataTypeParameters>,,</ownDataTypeParameters>
<previousColumn>false</previousColumn>
<autoIncrementCycle>false</autoIncrementCycle>
<associations>
<colAssociation fkAssociation="EE7A4F1A-0274-4F07-2796-E8FA8B2D30CE" referredColumn="4F6A9884-B17B-9C8F-A0DC-DBCACB50E23B"/>
</associations>
</Column>
</columns>
<indexes itemClass="oracle.dbtools.crest.model.design.relational.Index">
<ind_PK_UK id="F3BD2D58-02E6-F706-5531-58B2106B388D" name="Proj_Par_Chil_PK">
<createdBy>Dirty Jesse</createdBy>
<createdTime>2016-04-20 22:55:03 UTC</createdTime>
<generatorID>0D9CDA7B-F478-2A38-EB3F-A9BB67C8A3D1</generatorID>
<ownerDesignName>Project_Logical_Model</ownerDesignName>
<pk>true</pk>
<indexState>Primary Constraint</indexState>
<isSurrogateKey>false</isSurrogateKey>
<indexColumnUsage>
<colUsage columnID="38BAB363-1A9A-5D5E-F883-621F6F6BFADD"/>
</indexColumnUsage>
</ind_PK_UK>
<ind_PK_UK id="5925BDAA-7EE3-614B-D90C-BBA715FFE650" name="Proj_Par_Chil_Proj_Person_FK">
<createdBy>Dirty Jesse</createdBy>
<createdTime>2016-04-20 22:55:03 UTC</createdTime>
<generatorID>E54DEA33-3965-9289-6B10-2412C12DD8FE</generatorID>
<ownerDesignName>Project_Logical_Model</ownerDesignName>
<indexState>Foreign Key</indexState>
<isSurrogateKey>false</isSurrogateKey>
<indexColumnUsage>
<colUsage columnID="D108FC1F-77A8-F6CC-5284-3C2D1A89D017"/>
</indexColumnUsage>
</ind_PK_UK>
<ind_PK_UK id="134A187C-7933-CB36-D3D5-4CA93114C751" name="Proj_Par_Chil_Proj_Person_FKv2">
<createdBy>Dirty Jesse</createdBy>
<createdTime>2016-04-20 22:55:03 UTC</createdTime>
<generatorID>E8E2000B-CE18-6B7B-0AD1-B090B76BB612</generatorID>
<ownerDesignName>Project_Logical_Model</ownerDesignName>
<indexState>Foreign Key</indexState>
<isSurrogateKey>false</isSurrogateKey>
<indexColumnUsage>
<colUsage columnID="37297B4F-CF67-009D-EF02-0A6D49866DA0"/>
</indexColumnUsage>
</ind_PK_UK>
</indexes>
</Table>