<?xml version = '1.0' encoding = 'UTF-8'?>
<Diagram class="oracle.dbtools.crest.swingui.relational.DPVRelational" name="Relational_1" id="E8092D28-1F91-265A-8C26-E3EAC40CD283">
<createdBy>Dirty Jesse</createdBy>
<modifiedBy>Dirty Jesse</modifiedBy>
<createdTime>2016-03-28 23:45:16 UTC</createdTime>
<autoRoute>false</autoRoute>
<boxInbox>true</boxInbox>
<showLegend>false</showLegend>
<showLabels>false</showLabels>
<showRelAttributes>false</showRelAttributes>
<gridEnabled>false</gridEnabled>
<showGrid>false</showGrid>
<diagramColor>-1</diagramColor>
<display>false</display>
<notation>1</notation>
<objectViews>
<OView class="oracle.dbtools.crest.swingui.relational.TVTable" oid="93E69B10-9AF5-FCC3-605E-AFF95B7B94D5" otype="Table" vid="12AEF0EB-DAE3-F32E-D5BB-212058ECDC1F">
<hideElementsInCurrentOnly>false</hideElementsInCurrentOnly>
<bounds x="702" y="245" width="220" height="262"/>
</OView>
<OView class="oracle.dbtools.crest.swingui.relational.TVTable" oid="B66D1234-3FFD-DA8A-4582-CE6B181F6975" otype="Table" vid="15F4B64C-732B-62CD-9509-9D48767028D4">
<hideElementsInCurrentOnly>false</hideElementsInCurrentOnly>
<bounds x="22" y="100" width="260" height="96"/>
</OView>
<OView class="oracle.dbtools.crest.swingui.relational.TVTable" oid="C734462C-B03F-88D9-EB99-8591147A0EA9" otype="Table" vid="B0173B8D-5D6E-0BFE-F456-E12B03B67310">
<hideElementsInCurrentOnly>false</hideElementsInCurrentOnly>
<bounds x="348" y="50" width="223" height="318"/>
</OView>
<OView class="oracle.dbtools.crest.swingui.relational.TVTable" oid="EE22D471-9C2A-69B7-87C3-E9C3B4353CF9" otype="Table" vid="3EDCC22F-342D-D92B-D162-117FEED9CFB4">
<hideElementsInCurrentOnly>false</hideElementsInCurrentOnly>
<bounds x="375" y="407" width="170" height="170"/>
</OView>
</objectViews>
<connectors>
<Connector class="oracle.dbtools.crest.swingui.relational.TVFKRelation" oid="05C3C316-0A90-7701-18A7-5F94E52A15AA" otype="FKIndexAssociation" vid_source="B0173B8D-5D6E-0BFE-F456-E12B03B67310" vid_target="15F4B64C-732B-62CD-9509-9D48767028D4">
<hideElementsInCurrentOnly>false</hideElementsInCurrentOnly>
<lineWidth>1</lineWidth>
<points>
<point x="348" y="148"/>
<point x="282" y="148"/>
</points>
</Connector>
<Connector class="oracle.dbtools.crest.swingui.relational.TVFKRelation" oid="098606B2-D4BD-A692-86C0-A93FD3D21E14" otype="FKIndexAssociation" vid_source="B0173B8D-5D6E-0BFE-F456-E12B03B67310" vid_target="12AEF0EB-DAE3-F32E-D5BB-212058ECDC1F">
<hideElementsInCurrentOnly>false</hideElementsInCurrentOnly>
<lineWidth>1</lineWidth>
<points>
<point x="571" y="326"/>
<point x="702" y="326"/>
</points>
</Connector>
<Connector class="oracle.dbtools.crest.swingui.relational.TVFKRelation" oid="19C9A298-B029-4DBA-1619-232CEC088558" otype="FKIndexAssociation" vid_source="12AEF0EB-DAE3-F32E-D5BB-212058ECDC1F" vid_target="B0173B8D-5D6E-0BFE-F456-E12B03B67310">
<hideElementsInCurrentOnly>false</hideElementsInCurrentOnly>
<lineWidth>1</lineWidth>
<points>
<point x="702" y="316"/>
<point x="571" y="316"/>
</points>
</Connector>
<Connector class="oracle.dbtools.crest.swingui.relational.TVFKRelation" oid="1A93459C-8BA1-06C1-D2B6-1FDC0CC88AE9" otype="FKIndexAssociation" vid_source="B0173B8D-5D6E-0BFE-F456-E12B03B67310" vid_target="15F4B64C-732B-62CD-9509-9D48767028D4">
<hideElementsInCurrentOnly>false</hideElementsInCurrentOnly>
<lineWidth>1</lineWidth>
<points>
<point x="348" y="158"/>
<point x="282" y="158"/>
</points>
</Connector>
<Connector class="oracle.dbtools.crest.swingui.relational.TVFKRelation" oid="46AC419D-BC34-EE28-5B49-3411E9845882" otype="FKIndexAssociation" vid_source="B0173B8D-5D6E-0BFE-F456-E12B03B67310" vid_target="B0173B8D-5D6E-0BFE-F456-E12B03B67310">
<hideElementsInCurrentOnly>false</hideElementsInCurrentOnly>
<lineWidth>1</lineWidth>
<points>
<point x="348" y="253"/>
<point x="275" y="253"/>
<point x="276" y="236"/>
<point x="276" y="205"/>
<point x="348" y="205"/>
</points>
</Connector>
<Connector class="oracle.dbtools.crest.swingui.relational.TVFKRelation" oid="550EC806-CC1F-34F4-8B0C-EDC88AFEFA3D" otype="FKIndexAssociation" vid_source="B0173B8D-5D6E-0BFE-F456-E12B03B67310" vid_target="B0173B8D-5D6E-0BFE-F456-E12B03B67310">
<hideElementsInCurrentOnly>false</hideElementsInCurrentOnly>
<lineWidth>1</lineWidth>
<points>
<point x="571" y="125"/>
<point x="629" y="125"/>
<point x="629" y="95"/>
<point x="628" y="67"/>
<point x="571" y="67"/>
</points>
</Connector>
<Connector class="oracle.dbtools.crest.swingui.relational.TVFKRelation" oid="58BD1C8F-AF54-A05F-2AC3-6500225A59C1" otype="FKIndexAssociation" vid_source="12AEF0EB-DAE3-F32E-D5BB-212058ECDC1F" vid_target="12AEF0EB-DAE3-F32E-D5BB-212058ECDC1F">
<hideElementsInCurrentOnly>false</hideElementsInCurrentOnly>
<lineWidth>1</lineWidth>
<points>
<point x="825" y="245"/>
<point x="825" y="213"/>
<point x="851" y="214"/>
<point x="881" y="214"/>
<point x="881" y="245"/>
</points>
</Connector>
<Connector class="oracle.dbtools.crest.swingui.relational.TVFKRelation" oid="5CD71E64-825F-6599-63BA-3A7F960FA85E" otype="FKIndexAssociation" vid_source="12AEF0EB-DAE3-F32E-D5BB-212058ECDC1F" vid_target="3EDCC22F-342D-D92B-D162-117FEED9CFB4">
<hideElementsInCurrentOnly>false</hideElementsInCurrentOnly>
<lineWidth>1</lineWidth>
<points>
<point x="702" y="457"/>
<point x="545" y="457"/>
</points>
</Connector>
<Connector class="oracle.dbtools.crest.swingui.relational.TVFKRelation" oid="61085B43-C343-CF7B-C307-82D6E00CFAFA" otype="FKIndexAssociation" vid_source="3EDCC22F-342D-D92B-D162-117FEED9CFB4" vid_target="12AEF0EB-DAE3-F32E-D5BB-212058ECDC1F">
<hideElementsInCurrentOnly>false</hideElementsInCurrentOnly>
<lineWidth>1</lineWidth>
<points>
<point x="545" y="467"/>
<point x="702" y="467"/>
</points>
</Connector>
<Connector class="oracle.dbtools.crest.swingui.relational.TVFKRelation" oid="7A5E2206-B6A0-0D60-237E-891181E4182C" otype="FKIndexAssociation" vid_source="12AEF0EB-DAE3-F32E-D5BB-212058ECDC1F" vid_target="12AEF0EB-DAE3-F32E-D5BB-212058ECDC1F">
<hideElementsInCurrentOnly>false</hideElementsInCurrentOnly>
<lineWidth>1</lineWidth>
<points>
<point x="727" y="245"/>
<point x="727" y="216"/>
<point x="756" y="215"/>
<point x="782" y="215"/>
<point x="782" y="245"/>
</points>
</Connector>
<Connector class="oracle.dbtools.crest.swingui.relational.TVFKRelation" oid="927C849E-DC0B-AF34-4313-AEB2DDA86D6F" otype="FKIndexAssociation" vid_source="3EDCC22F-342D-D92B-D162-117FEED9CFB4" vid_target="B0173B8D-5D6E-0BFE-F456-E12B03B67310">
<hideElementsInCurrentOnly>false</hideElementsInCurrentOnly>
<lineWidth>1</lineWidth>
<points>
<point x="460" y="407"/>
<point x="460" y="368"/>
</points>
</Connector>
<Connector class="oracle.dbtools.crest.swingui.relational.TVFKRelation" oid="94C7D4FE-9DC8-4F74-E8AC-B668B2D6FCE9" otype="FKIndexAssociation" vid_source="B0173B8D-5D6E-0BFE-F456-E12B03B67310" vid_target="B0173B8D-5D6E-0BFE-F456-E12B03B67310">
<hideElementsInCurrentOnly>false</hideElementsInCurrentOnly>
<lineWidth>1</lineWidth>
<points>
<point x="537" y="50"/>
<point x="537" y="9"/>
<point x="499" y="9"/>
<point x="454" y="8"/>
<point x="454" y="50"/>
</points>
</Connector>
<Connector class="oracle.dbtools.crest.swingui.relational.TVFKRelation" oid="C01AB876-4535-AFE5-485A-A236E2EC365D" otype="FKIndexAssociation" vid_source="12AEF0EB-DAE3-F32E-D5BB-212058ECDC1F" vid_target="B0173B8D-5D6E-0BFE-F456-E12B03B67310">
<hideElementsInCurrentOnly>false</hideElementsInCurrentOnly>
<lineWidth>1</lineWidth>
<points>
<point x="702" y="306"/>
<point x="571" y="306"/>
</points>
</Connector>
<Connector class="oracle.dbtools.crest.swingui.relational.TVFKRelation" oid="CB5088F3-5EE3-87A1-B523-EC2783D5ED01" otype="FKIndexAssociation" vid_source="B0173B8D-5D6E-0BFE-F456-E12B03B67310" vid_target="3EDCC22F-342D-D92B-D162-117FEED9CFB4">
<hideElementsInCurrentOnly>false</hideElementsInCurrentOnly>
<lineWidth>1</lineWidth>
<points>
<point x="450" y="368"/>
<point x="450" y="407"/>
</points>
</Connector>
<Connector class="oracle.dbtools.crest.swingui.relational.TVFKRelation" oid="F1C482AE-52B1-C6C9-BED9-E883C3660779" otype="FKIndexAssociation" vid_source="B0173B8D-5D6E-0BFE-F456-E12B03B67310" vid_target="12AEF0EB-DAE3-F32E-D5BB-212058ECDC1F">
<hideElementsInCurrentOnly>false</hideElementsInCurrentOnly>
<lineWidth>1</lineWidth>
<points>
<point x="571" y="296"/>
<point x="702" y="296"/>
</points>
</Connector>
</connectors>
</Diagram>