<?xml version = '1.0' encoding = 'UTF-8'?>
<Relation class="oracle.dbtools.crest.model.design.logical.Relation" name="Proj_Dept_Managers" directorySegmentName="seg_0" id="1DD48A7A-F9B5-1705-3C95-6905C8AABD36">
<createdBy>Dirty Jesse</createdBy>
<createdTime>2016-03-30 03:00:03 UTC</createdTime>
<ownerDesignName>Project_Logical_Model</ownerDesignName>
<engineerTo>
<item key="E1BDE5FF-C12A-0160-122F-B544A903F624" value="true"/>
</engineerTo>
<sourcePk>6529397A-DDCE-19AB-5EEC-09B887C31209</sourcePk>
<identifying>false</identifying>
<optionalSource>true</optionalSource>
<optionalTarget>true</optionalTarget>
<sourceCardinality>1</sourceCardinality>
<sourceEntity>B4299C12-395E-5E4A-C34D-5888FF2C0C47</sourceEntity>
<targetCardinalityString>*</targetCardinalityString>
<targetEntity>14CAAD3B-F067-D1E2-9942-19786D294931</targetEntity>
<transferable>true</transferable>
<deleteRule>NO ACTION</deleteRule>
</Relation>