<?xml version = '1.0' encoding = 'UTF-8'?>
<Relation class="oracle.dbtools.crest.model.design.logical.Relation" name="Proj_Employees_Managing" directorySegmentName="seg_0" id="5E07502B-1AEA-E35F-BB60-89F3A8D84E6C">
<createdBy>Dirty Jesse</createdBy>
<createdTime>2016-03-28 23:59:41 UTC</createdTime>
<ownerDesignName>Project_Logical_Model</ownerDesignName>
<engineerTo>
<item key="E1BDE5FF-C12A-0160-122F-B544A903F624" value="true"/>
</engineerTo>
<targetPk>477DAABC-EFDE-4CAC-AE46-A7EC906B4CBD</targetPk>
<identifying>false</identifying>
<optionalSource>true</optionalSource>
<optionalTarget>true</optionalTarget>
<sourceCardinality>1</sourceCardinality>
<sourceEntity>14CAAD3B-F067-D1E2-9942-19786D294931</sourceEntity>
<targetCardinalityString>*</targetCardinalityString>
<targetEntity>14CAAD3B-F067-D1E2-9942-19786D294931</targetEntity>
<transferable>true</transferable>
<deleteRule>NO ACTION</deleteRule>
</Relation>