<?xml version = '1.0' encoding = 'UTF-8'?>
<Relation class="oracle.dbtools.crest.model.design.logical.Relation" name="Proj_Project_History" directorySegmentName="seg_0" id="8A8212C6-7E54-C29D-EB2B-FCDD5E442B41">
<createdBy>Dirty Jesse</createdBy>
<createdTime>2016-04-20 22:51:58 UTC</createdTime>
<ownerDesignName>Project_Logical_Model</ownerDesignName>
<engineerTo>
<item key="E1BDE5FF-C12A-0160-122F-B544A903F624" value="true"/>
</engineerTo>
<sourcePk>B1F088E1-3953-0614-C189-BE819CBF1C47</sourcePk>
<identifying>false</identifying>
<optionalSource>true</optionalSource>
<optionalTarget>false</optionalTarget>
<sourceCardinality>1</sourceCardinality>
<sourceEntity>2263D87C-2E61-95D4-BAA8-FC344BD94256</sourceEntity>
<targetCardinalityString>1</targetCardinalityString>
<targetEntity>DB022641-F654-97D6-340C-2F2D02E71AFE</targetEntity>
<transferable>true</transferable>
<deleteRule>NO ACTION</deleteRule>
</Relation>