<?xml version = '1.0' encoding = 'UTF-8'?>
<Relation class="oracle.dbtools.crest.model.design.logical.Relation" name="Proj_Children" directorySegmentName="seg_0" id="E54DEA33-3965-9289-6B10-2412C12DD8FE">
<createdBy>Dirty Jesse</createdBy>
<createdTime>2016-03-28 23:57:07 UTC</createdTime>
<ownerDesignName>Project_Logical_Model</ownerDesignName>
<engineerTo>
<item key="E1BDE5FF-C12A-0160-122F-B544A903F624" value="true"/>
</engineerTo>
<sourcePk>477DAABC-EFDE-4CAC-AE46-A7EC906B4CBD</sourcePk>
<identifying>false</identifying>
<optionalSource>true</optionalSource>
<optionalTarget>true</optionalTarget>
<sourceCardinality>1</sourceCardinality>
<sourceEntity>14CAAD3B-F067-D1E2-9942-19786D294931</sourceEntity>
<targetCardinalityString>*</targetCardinalityString>
<targetEntity>038417A7-1660-8A94-DFAF-23BA3E74CC2A</targetEntity>
<transferable>true</transferable>
<deleteRule>NO ACTION</deleteRule>
</Relation>