<?xml version = '1.0' encoding = 'UTF-8'?>
<Entity class="oracle.dbtools.crest.model.design.logical.Entity" directorySegmentName="seg_0" id="43DFABB9-C159-E1A8-6033-EE304203478A" name="S16_Manager">
<createdBy>Dirty Jesse</createdBy>
<createdTime>2016-03-28 22:28:53 UTC</createdTime>
<ownerDesignName>Project_Conceptual_Model</ownerDesignName>
<engineerTo>
<item key="B083BAB8-EAA4-D9BD-EBBE-5DBB86FE72ED" value="true"/>
</engineerTo>
<adequatelyNormalized>NO</adequatelyNormalized>
<expectedVolumes>0</expectedVolumes>
<fwdEngineeringStrategyName>Single Table</fwdEngineeringStrategyName>
<growthPercent>0</growthPercent>
<growthType>Year</growthType>
<hierarchicalParent>9AD4E056-5F62-3500-ACA9-E3E7026F4BD8</hierarchicalParent>
<maxVolumes>9999999</maxVolumes>
<minVolumes>0</minVolumes>
<normalForm>Third</normalForm>
<attributes itemClass="oracle.dbtools.crest.model.design.logical.Attribute">
<Attribute name="bonus" id="D140DA4F-07DC-DF5A-C1CE-CD2D49CDD88A">
<createdBy>Dirty Jesse</createdBy>
<createdTime>2016-03-28 22:29:11 UTC</createdTime>
<ownerDesignName>Project_Conceptual_Model</ownerDesignName>
<engineerTo>
<item key="B083BAB8-EAA4-D9BD-EBBE-5DBB86FE72ED" value="true"/>
</engineerTo>
<nullsAllowed>true</nullsAllowed>
<useDomainConstraints>false</useDomainConstraints>
<use>1</use>
<logicalDatatype>LOGDT011</logicalDatatype>
<ownDataTypeParameters>,,</ownDataTypeParameters>
</Attribute>
<Attribute name="person_id" id="9101296B-64FB-8E41-5084-BBBCA82BDFFA">
<createdBy>Dirty Jesse</createdBy>
<createdTime>2016-03-28 23:05:54 UTC</createdTime>
<generatorID>5EDD5175-DB06-9BF9-82CC-9DE01EA95072</generatorID>
<ownerDesignName>Project_Conceptual_Model</ownerDesignName>
<engineerTo>
<item key="B083BAB8-EAA4-D9BD-EBBE-5DBB86FE72ED" value="true"/>
</engineerTo>
<referedAttribute>D7F24533-D71E-7C81-5641-B1B6C25B38FE</referedAttribute>
<useDomainConstraints>false</useDomainConstraints>
<use>1</use>
<logicalDatatype>LOGDT011</logicalDatatype>
<ownDataTypeParameters>,,</ownDataTypeParameters>
</Attribute>
<Attribute name="project_no" id="3AED8393-6472-BA2F-C37C-2F33912E440F">
<createdBy>Dirty Jesse</createdBy>
<createdTime>2016-03-28 23:13:22 UTC</createdTime>
<generatorID>995AF51F-7115-4A6B-96DB-5B98F6E2A4CA</generatorID>
<ownerDesignName>Project_Conceptual_Model</ownerDesignName>
<engineerTo>
<item key="B083BAB8-EAA4-D9BD-EBBE-5DBB86FE72ED" value="true"/>
</engineerTo>
<referedAttribute>9AA49C30-3DB0-B6B8-1E21-B819BE05A589</referedAttribute>
<useDomainConstraints>false</useDomainConstraints>
<use>1</use>
<logicalDatatype>LOGDT011</logicalDatatype>
<ownDataTypeParameters>,,</ownDataTypeParameters>
</Attribute>
<Attribute name="dept_no" id="A0474309-C2FA-126B-06F9-41B404C72B49">
<createdBy>Dirty Jesse</createdBy>
<createdTime>2016-03-28 23:19:49 UTC</createdTime>
<generatorID>14550E9B-DF1A-D8BA-F78B-39656E8663B9</generatorID>
<ownerDesignName>Project_Conceptual_Model</ownerDesignName>
<engineerTo>
<item key="B083BAB8-EAA4-D9BD-EBBE-5DBB86FE72ED" value="true"/>
</engineerTo>
<referedAttribute>F441DFCE-38CA-6B9C-CB1B-BD917522B40E</referedAttribute>
<useDomainConstraints>false</useDomainConstraints>
<use>1</use>
<logicalDatatype>LOGDT011</logicalDatatype>
<ownDataTypeParameters>,,</ownDataTypeParameters>
</Attribute>
</attributes>
</Entity>