<?xml version = '1.0' encoding = 'UTF-8'?>
<Entity class="oracle.dbtools.crest.model.design.logical.Entity" directorySegmentName="seg_0" id="6C412EE5-AA9A-ABA1-FA51-D3D50389A403" name="S16_Department">
<createdBy>Dirty Jesse</createdBy>
<createdTime>2016-03-28 22:39:19 UTC</createdTime>
<ownerDesignName>Project_Conceptual_Model</ownerDesignName>
<engineerTo>
<item key="B083BAB8-EAA4-D9BD-EBBE-5DBB86FE72ED" value="true"/>
</engineerTo>
<adequatelyNormalized>NO</adequatelyNormalized>
<expectedVolumes>0</expectedVolumes>
<fwdEngineeringStrategyName>Single Table</fwdEngineeringStrategyName>
<growthPercent>0</growthPercent>
<growthType>Year</growthType>
<maxVolumes>9999999</maxVolumes>
<minVolumes>0</minVolumes>
<normalForm>Third</normalForm>
<attributes itemClass="oracle.dbtools.crest.model.design.logical.Attribute">
<Attribute name="dept_no" id="F441DFCE-38CA-6B9C-CB1B-BD917522B40E">
<createdBy>Dirty Jesse</createdBy>
<createdTime>2016-03-28 22:39:36 UTC</createdTime>
<ownerDesignName>Project_Conceptual_Model</ownerDesignName>
<engineerTo>
<item key="B083BAB8-EAA4-D9BD-EBBE-5DBB86FE72ED" value="true"/>
</engineerTo>
<useDomainConstraints>false</useDomainConstraints>
<use>1</use>
<logicalDatatype>LOGDT011</logicalDatatype>
<ownDataTypeParameters>,,</ownDataTypeParameters>
</Attribute>
<Attribute name="dept_name" id="FFE055BC-6356-7B9C-894B-D8A313CBAD3C">
<createdBy>Dirty Jesse</createdBy>
<createdTime>2016-03-28 22:39:52 UTC</createdTime>
<ownerDesignName>Project_Conceptual_Model</ownerDesignName>
<engineerTo>
<item key="B083BAB8-EAA4-D9BD-EBBE-5DBB86FE72ED" value="true"/>
</engineerTo>
<useDomainConstraints>false</useDomainConstraints>
<use>1</use>
<logicalDatatype>LOGDT024</logicalDatatype>
<dataTypeSize>20 CHAR</dataTypeSize>
<ownDataTypeParameters>20 CHAR,,</ownDataTypeParameters>
</Attribute>
<Attribute name="person_id" id="4683CFD6-EBDF-8088-A6EE-DAA3F28BCED0">
<createdBy>Dirty Jesse</createdBy>
<createdTime>2016-03-28 23:12:24 UTC</createdTime>
<generatorID>51CA3CC9-F258-28ED-5BF5-4660DD52647A</generatorID>
<ownerDesignName>Project_Conceptual_Model</ownerDesignName>
<engineerTo>
<item key="B083BAB8-EAA4-D9BD-EBBE-5DBB86FE72ED" value="true"/>
</engineerTo>
<referedAttribute>D7F24533-D71E-7C81-5641-B1B6C25B38FE</referedAttribute>
<useDomainConstraints>false</useDomainConstraints>
<use>1</use>
<logicalDatatype>LOGDT011</logicalDatatype>
<ownDataTypeParameters>,,</ownDataTypeParameters>
</Attribute>
<Attribute name="project_no" id="ABA03A6F-E277-D3A5-9238-A581DAFB2CA5">
<createdBy>Dirty Jesse</createdBy>
<createdTime>2016-03-28 23:13:53 UTC</createdTime>
<generatorID>5265DF4D-1506-6FC7-6C53-D878C04DA962</generatorID>
<ownerDesignName>Project_Conceptual_Model</ownerDesignName>
<engineerTo>
<item key="B083BAB8-EAA4-D9BD-EBBE-5DBB86FE72ED" value="true"/>
</engineerTo>
<referedAttribute>9AA49C30-3DB0-B6B8-1E21-B819BE05A589</referedAttribute>
<useDomainConstraints>false</useDomainConstraints>
<use>1</use>
<logicalDatatype>LOGDT011</logicalDatatype>
<ownDataTypeParameters>,,</ownDataTypeParameters>
</Attribute>
</attributes>
<identifiers itemClass="oracle.dbtools.crest.model.design.logical.CandidateKey">
<identifier id="4961A1AF-DCE2-6059-CDD0-BF82BC041EEA" name="S16_Department PK">
<createdBy>Dirty Jesse</createdBy>
<createdTime>2016-03-28 22:39:50 UTC</createdTime>
<ownerDesignName>Project_Conceptual_Model</ownerDesignName>
<engineerTo>
<item key="B083BAB8-EAA4-D9BD-EBBE-5DBB86FE72ED" value="true"/>
</engineerTo>
<pk>true</pk>
<usedAttributes>
<attributeRef>F441DFCE-38CA-6B9C-CB1B-BD917522B40E</attributeRef>
</usedAttributes>
</identifier>
</identifiers>
</Entity>