<?xml version = '1.0' encoding = 'UTF-8'?>
<Entity class="oracle.dbtools.crest.model.design.logical.Entity" directorySegmentName="seg_0" id="FDA6DA38-F60D-EBAD-617A-FEB8D247833A" name="S16_Project_Employee">
<createdBy>Dirty Jesse</createdBy>
<createdTime>2016-03-28 22:28:18 UTC</createdTime>
<ownerDesignName>Project_Conceptual_Model</ownerDesignName>
<engineerTo>
<item key="B083BAB8-EAA4-D9BD-EBBE-5DBB86FE72ED" value="true"/>
</engineerTo>
<adequatelyNormalized>NO</adequatelyNormalized>
<expectedVolumes>0</expectedVolumes>
<fwdEngineeringStrategyName>Single Table</fwdEngineeringStrategyName>
<growthPercent>0</growthPercent>
<growthType>Year</growthType>
<hierarchicalParent>9AD4E056-5F62-3500-ACA9-E3E7026F4BD8</hierarchicalParent>
<maxVolumes>9999999</maxVolumes>
<minVolumes>0</minVolumes>
<normalForm>Third</normalForm>
<attributes itemClass="oracle.dbtools.crest.model.design.logical.Attribute">
<Attribute name="project_no" id="6DFAF7DD-2429-E3AE-67F3-81590AED28DC">
<createdBy>Dirty Jesse</createdBy>
<createdTime>2016-03-28 23:17:32 UTC</createdTime>
<generatorID>850B2ADC-60B0-C712-641B-2E344AE3BB1A</generatorID>
<ownerDesignName>Project_Conceptual_Model</ownerDesignName>
<engineerTo>
<item key="B083BAB8-EAA4-D9BD-EBBE-5DBB86FE72ED" value="true"/>
</engineerTo>
<referedAttribute>9AA49C30-3DB0-B6B8-1E21-B819BE05A589</referedAttribute>
<useDomainConstraints>false</useDomainConstraints>
<use>1</use>
<logicalDatatype>LOGDT011</logicalDatatype>
<ownDataTypeParameters>,,</ownDataTypeParameters>
</Attribute>
</attributes>
</Entity>